--
-- PostgreSQL database dump
--



SET client_encoding = 'UTF8';
SET standard_conforming_strings = on;



COPY public."Roles" (id, name, description, "createdAt", "updatedAt") FROM stdin;
1	Admin	Admin role	2025-11-11 14:51:59.931902+03	2025-11-11 14:51:59.931902+03
2	Manager	Manager role	2025-11-11 14:51:59.931902+03	2025-11-11 14:51:59.931902+03
3	User	User role	2025-11-11 14:51:59.931902+03	2025-11-11 14:51:59.931902+03
\.

COPY public."Permissions" (id, name, description, "createdAt", "updatedAt") FROM stdin;
1	manage_gta	manage_gta permission	2025-11-11 14:51:59.931902+03	2025-11-11 14:51:59.931902+03
2	view_gta	view_gta permission	2025-11-11 14:51:59.931902+03	2025-11-11 14:51:59.931902+03
3	submit_reports	submit_reports permission	2025-11-11 14:51:59.931902+03	2025-11-11 14:51:59.931902+03
4	view_reports	view_reports permission	2025-11-11 14:51:59.931902+03	2025-11-11 14:51:59.931902+03
5	manage_reports	manage_reports permission	2025-11-11 14:51:59.931902+03	2025-11-11 14:51:59.931902+03
6	manage_settings	manage_settings permission	2025-11-11 14:51:59.931902+03	2025-11-11 14:51:59.931902+03
7	view_audit_logs	view_audit_logs permission	2025-11-11 14:51:59.931902+03	2025-11-11 14:51:59.931902+03
8	manage_notifications	manage_notifications permission	2025-11-11 14:51:59.931902+03	2025-11-11 14:51:59.931902+03
9	manage_dashboard	manage_dashboard permission	2025-11-11 14:51:59.931902+03	2025-11-11 14:51:59.931902+03
10	view_dashboard	view_dashboard permission	2025-11-11 14:51:59.931902+03	2025-11-11 14:51:59.931902+03
11	manage_attachments	manage_attachments permission	2025-11-11 14:51:59.931902+03	2025-11-11 14:51:59.931902+03
12	manage_access	manage_access permission	2025-11-11 14:51:59.931902+03	2025-11-11 14:51:59.931902+03
\.


COPY public."RolePermissions" (id, "roleId", "permissionId", "createdAt", "updatedAt") FROM stdin;
1	1	1	2025-11-11 14:51:59.931902+03	2025-11-11 14:51:59.931902+03
2	1	2	2025-11-11 14:51:59.931902+03	2025-11-11 14:51:59.931902+03
3	1	3	2025-11-11 14:51:59.931902+03	2025-11-11 14:51:59.931902+03
4	1	4	2025-11-11 14:51:59.931902+03	2025-11-11 14:51:59.931902+03
5	1	5	2025-11-11 14:51:59.931902+03	2025-11-11 14:51:59.931902+03
6	1	6	2025-11-11 14:51:59.931902+03	2025-11-11 14:51:59.931902+03
7	1	7	2025-11-11 14:51:59.931902+03	2025-11-11 14:51:59.931902+03
8	1	8	2025-11-11 14:51:59.931902+03	2025-11-11 14:51:59.931902+03
9	1	9	2025-11-11 14:51:59.931902+03	2025-11-11 14:51:59.931902+03
10	1	10	2025-11-11 14:51:59.931902+03	2025-11-11 14:51:59.931902+03
11	1	11	2025-11-11 14:51:59.931902+03	2025-11-11 14:51:59.931902+03
12	1	12	2025-11-11 14:51:59.931902+03	2025-11-11 14:51:59.931902+03
13	2	1	2025-11-11 14:51:59.931902+03	2025-11-11 14:51:59.931902+03
14	2	2	2025-11-11 14:51:59.931902+03	2025-11-11 14:51:59.931902+03
15	2	5	2025-11-11 14:51:59.931902+03	2025-11-11 14:51:59.931902+03
16	2	4	2025-11-11 14:51:59.931902+03	2025-11-11 14:51:59.931902+03
17	2	10	2025-11-11 14:51:59.931902+03	2025-11-11 14:51:59.931902+03
18	3	4	2025-11-11 14:51:59.931902+03	2025-11-11 14:51:59.931902+03
19	3	2	2025-11-11 14:51:59.931902+03	2025-11-11 14:51:59.931902+03
20	3	10	2025-11-11 14:51:59.931902+03	2025-11-11 14:51:59.931902+03
\.


COPY public."SystemSettings" (key, value, description, "createdAt", "updatedAt") FROM stdin;
max_attachment_size_mb	10	Max attachment upload size (MB)	2025-11-11 14:51:59.931902+03	2025-11-11 14:51:59.931902+03
allowed_attachment_types	["application/pdf", "image/png", "image/jpeg", "text/plain", "image/jpg", "application/msword"]	Allowed MIME types	2025-11-11 14:51:59.931902+03	2025-11-11 14:51:59.931902+03
reporting_active	true	Enable report submissions	2025-11-11 14:51:59.931902+03	2025-11-11 14:51:59.931902+03
audit_retention_days	365	Days to retain audit logs	2025-11-11 14:51:59.931902+03	2025-11-11 14:51:59.931902+03
\.


COPY public."Users" (id, username, name, "profilePicture", password, "roleId", language, token_version, "createdAt", "updatedAt") FROM stdin;
1	admin	System Admin	/uploads/admin.png	$2b$10$FGEy/sdSrPGJTekiFPs61ehYQuHSk0PntZ/yPuLOotpmuKi1hwLjy	1	en	0	2025-11-11 14:51:59.931902+03	2025-11-11 14:51:59.931902+03
\.


--
-- Data for Name: Groups; Type: TABLE DATA; Schema: public; Owner: -
--

COPY public."Groups" (id, name, description, "profilePicture", "createdAt", "updatedAt") FROM stdin;
4	ሁሉም ዳይሬክቶሬት	\N	\N	2025-10-27 07:12:48.123755+03	2025-10-27 07:12:48.123755+03
5	የከተማ ፕላን ኢንስትዩት	\N	\N	2025-10-27 07:12:56.279867+03	2025-10-27 07:12:56.279867+03
6	የመሬት ይዞታ ምዝገባና መረጃ ኤጀንሲ	\N	\N	2025-10-27 07:13:27.299404+03	2025-10-27 07:13:27.299404+03
7	የግንባታ ፈቃድና ቁጥጥር ባለስልጣን	\N	\N	2025-10-27 07:13:36.773649+03	2025-10-27 07:13:36.773649+03
8	የቤቶች ልማትና የመንግስት ኮንስትራክሽን ኤጀንሲ	\N	\N	2025-10-27 07:13:50.292781+03	2025-10-27 07:13:50.292781+03
9	የመሬት ልማትና ማኔጅመንት	\N	\N	2025-10-27 07:14:23.785258+03	2025-10-27 07:14:23.785258+03
10	የመንግስት ኪራይ ቤቶች አስተዳደር	\N	\N	2025-10-27 07:14:40.237717+03	2025-10-27 07:14:40.237717+03
\.



--
-- Data for Name: Goals; Type: TABLE DATA; Schema: public; Owner: -
--


COPY public."Goals" (id, "rollNo", title, description, "groupId", "startDate", "endDate", status, progress, weight, "createdAt", "updatedAt") FROM stdin;
6	1	ተቋማዊ የማስፈጸም አቅም፣ የሀብት አጠቃቀም እና የአገልግሎት አሰጣጥ አሰራርን ማጎልበት	\N	4	\N	\N	Not Started	0	15	2025-10-12 23:58:39.118448+03	2025-11-12 23:11:21.199801+03
8	3	ፍላጎትን መሰረት ያደረገ፣ ፍትሃዊ የመሬት ዝግጅትና አቅርቦትን ማረጋገጥ	\N	9	\N	\N	Not Started	0	15	2025-10-13 06:27:07.214522+03	2025-11-11 17:03:23.642741+03
7	2	ክልላዊ ክትመትን በፕላን መምራት	\N	5	\N	\N	Not Started	0	17	2025-10-13 06:10:18.745342+03	2025-11-11 16:35:58.112345+03
9	4	የሐረር ከተማ የመሬት ይዞታ ማረጋገጥና ምዝገባ ሽፋንን በማሳደግ የአገልግሎት አሰጣጥ ስርዓትን መዘርጋትና ማዘመን	\N	6	\N	\N	Not Started	0	13	2025-10-13 06:43:49.841124+03	2025-11-12 21:37:56.347325+03
10	5	የህንፃን ደህንነትና አገልግሎት ሰጪነት ማረጋገጥ	\N	7	\N	\N	Not Started	0	15	2025-10-13 07:03:18.460378+03	2025-11-12 21:50:25.180837+03
11	6	በከተማና በገጠር የልማት ማዕከላት የቤት ልማት እንዲስፋፋና አስተዳደሩ እንዲዘምን ማድረግ እና የመንግስት ኮንስትራክሽን ሥራዎችን ማሻሻል	\N	8	\N	\N	Not Started	0	15	2025-10-13 07:22:39.626873+03	2025-11-12 22:47:38.659512+03
12	7	የመንግስት ቤቶችን ማስተዳደር እና ቤቶችን ማልማት	\N	10	\N	\N	Not Started	0	10	2025-10-27 06:49:26.877827+03	2025-11-12 23:00:32.740988+03
\.



--
-- Data for Name: Tasks; Type: TABLE DATA; Schema: public; Owner: -
--

COPY public."Tasks" (id, "goalId", "rollNo", title, description, status, "assigneeId", "dueDate", progress, weight, "createdAt", "updatedAt") FROM stdin;
41	11	4	የክልሉን የኮንስትራክሽን ጥራት ምርመራ አገልግሎት በማሳደግ	\N	To Do	\N	\N	0	2	2025-11-12 22:41:26.760682+03	2025-11-12 22:47:38.659512+03
6	6	1	የዕቅድ ዝግጅት፣ የክትትልና ግምገማ እና የስታቲስቲክስ መረጃ አስተዳደር አሰራር ማሻሻል	\N	To Do	\N	\N	0	2	2025-10-12 23:59:55.871457+03	2025-11-11 15:15:13.009333+03
13	6	8	የሴቶችና የአካል ጉዳተኞች ማሕበራዊ ተሳታፊነትንና ተጠቃሚነትን ማሳደግ	\N	To Do	\N	\N	0	1	2025-10-13 00:56:13.812381+03	2025-11-11 15:54:22.750709+03
11	6	6	ለተጠሪ ተቋማት እና ለወረዳዎች ድጋፍና ክትትል ማድረግ	\N	To Do	\N	\N	0	1	2025-10-13 00:44:11.544165+03	2025-11-12 23:11:21.199801+03
7	6	2	የሰው ሀብት ልማት እና አስተዳደር አሰራርና ውጤታማነት ማሳደግ	\N	To Do	\N	\N	0	2	2025-10-13 00:22:57.303025+03	2025-11-11 15:27:50.514102+03
8	6	3	የፋይናንስና ንብረት አስተዳደር አሰራርንና ውጤታማነትን ማሳደግ	\N	To Do	\N	\N	0	3	2025-10-13 00:27:31.525559+03	2025-11-11 15:39:46.862191+03
9	6	4	የኢንፎርሜሽን፣ኮሙኒኬሽን እና ቴክኖልጂ አሰራርንና ውጤታማነትን ማሳደግ	\N	To Do	\N	\N	0	1	2025-10-13 00:39:19.649064+03	2025-11-11 15:43:13.864977+03
10	6	5	የአጋርነት እና የህዝብ ግንኙነት አሰራርንና ውጤታማነትን ማሳደግ	\N	To Do	\N	\N	0	1	2025-10-13 00:41:50.301228+03	2025-11-11 15:45:33.589642+03
12	6	7	የስነ ምግባርና ፀረ ሙስና የክትትል ሥራዎችን ማጠናከር	\N	To Do	\N	\N	0	1.5	2025-10-13 00:48:56.182669+03	2025-11-11 15:52:14.052802+03
17	7	3	የከተማ ፕላን ትግበራ ክትትልና ቁጥጥር ማሳደግ	\N	To Do	\N	\N	0	5	2025-10-13 06:19:22.246774+03	2025-11-11 16:30:54.266223+03
18	7	4	ለገጠር ልማት ማዕከላት የተዘጋጁ ስኬች ፕላኖችን ማስተግበር	\N	To Do	\N	\N	0	1.25	2025-10-13 06:23:44.627089+03	2025-11-11 16:34:41.26052+03
19	7	5	የከተማ ፕላን ክዋኔ ኦዲት ጥራትና ሽፋን ማሳደግ	\N	To Do	\N	\N	0	2.5	2025-10-13 06:25:48.767478+03	2025-11-11 16:35:58.112345+03
20	8	1	ለተለያዩ አገልግሎቶች የሚዉል መሬት ማዘጋጀት	\N	To Do	\N	\N	0	2.25	2025-10-13 06:27:30.745393+03	2025-11-11 16:39:27.52496+03
14	6	9	የበጎ አድራጎት እና የማህበረሰብ አገልግሎት ሥራዎችን ማሳደግ	\N	To Do	\N	\N	0	2.5	2025-10-13 05:42:46.995781+03	2025-11-11 16:09:02.814799+03
21	8	2	ለተለያዩ አገልግሎቶች መሬት ማስተላለፍ	\N	To Do	\N	\N	0	6.75	2025-10-13 06:30:49.012725+03	2025-11-11 16:47:02.278264+03
15	7	1	የፕላን ዝግጅት ጥራትና ሽፋን ማሳደግ	\N	To Do	\N	\N	0	6	2025-10-13 06:11:05.285309+03	2025-11-11 16:21:18.368909+03
22	8	3	ይዞታን መመስረት	\N	To Do	\N	\N	0	1.5	2025-10-13 06:35:07.271133+03	2025-11-11 16:56:51.311083+03
16	7	2	የከተማ ፕላን ጥናትና ምርምር ና ስልጠና ስራዎች	\N	To Do	\N	\N	0	2.25	2025-10-13 06:16:39.469035+03	2025-11-11 16:25:46.208803+03
23	8	4	ከመሬትና ከመሬት ነክ ቋሚ ንብረት የሚሰበሰብ ገቢን ማሳደግ	\N	To Do	\N	\N	0	3	2025-10-13 06:39:39.214343+03	2025-11-11 17:00:14.068669+03
29	9	5	በከተሞች ለንብረት ግመታ የከተማ ቦታ ደረጃ እንዲሻሻል ስራ ይሰራል፡፡	\N	To Do	\N	\N	0	2	2025-10-13 06:58:12.837801+03	2025-11-12 21:37:56.347325+03
24	8	5	የይዞታ ማህደራትን ማደራጀት፣ መጠበቅና ለተገልጋይ ተደራሽ ማድረግ	\N	To Do	\N	\N	0	1.5	2025-10-13 06:42:10.444696+03	2025-11-11 17:03:23.642741+03
30	10	1	የሕንፃ ሕግጋትና የከተማ ፕላንን መሠረት ያደረገ የግንባታ ፍቃድ አሰጣጥን ማሳደግ	\N	To Do	\N	\N	0	4	2025-10-13 07:03:46.184965+03	2025-11-12 21:41:50.844394+03
25	9	1	ለይዞታ ማረጋገጥና ምዘገባ ስራ ቅድመ ስራዎችን ማጠናቀቅ	\N	To Do	\N	\N	0	3	2025-10-13 06:44:22.646086+03	2025-11-11 17:09:24.441338+03
31	10	2	በዘመናዊ ቴክኖሎጂ የተደራጀ የመረጃ፤የሕግ እና የአሰራርን ማሳደግ	\N	To Do	\N	\N	0	3	2025-10-13 07:07:01.851273+03	2025-11-12 21:44:39.083322+03
32	10	3	የውጭ ማስታወቂያ ፍቃድ አገልግሎትን ማሻሻል	\N	To Do	\N	\N	0	1.5	2025-10-13 07:12:27.116532+03	2025-11-12 21:45:28.016368+03
26	9	2	በተመረጡ ሰፈሮች ውስጥ ይዞታዎችን የማረጋገጥ ስራ ይሰራል	\N	To Do	\N	\N	0	4	2025-10-13 06:48:55.509244+03	2025-11-11 17:15:44.497132+03
27	9	3	በተመረጡ ሰፈሮች ውስጥ የሚገኙ መሬት ይዞታችን የምዝገባ ስራ ይሰራል	\N	To Do	\N	\N	0	2	2025-10-13 06:53:16.714058+03	2025-11-11 17:18:27.120668+03
28	9	4	የመሬት ይዞታ ማረጋገጥና ምዝገባ አገልግሎት የመስጠት ስራ ይሰራል፡፡	\N	To Do	\N	\N	0	2	2025-10-13 06:55:35.708577+03	2025-11-11 17:22:03.386055+03
33	10	4	የግንባታ ክትትልና ቁጥጥር ሥራ በማከናወን ጥራትና ደህንነትን ማረጋገጥ	\N	To Do	\N	\N	0	4	2025-10-13 07:13:48.722051+03	2025-11-12 21:48:33.587047+03
34	10	5	የመረጃ እና የሕግ አሰራርን ማሳደግ	\N	To Do	\N	\N	0	1.5	2025-10-13 07:19:59.243853+03	2025-11-12 21:49:23.992872+03
35	10	6	በዘመናዊ ቴክኖሎጂ የተደራጀ አሰራርን ማሳደግ	\N	To Do	\N	\N	0	1	2025-10-13 07:21:14.174914+03	2025-11-12 21:50:25.180837+03
36	11	1	የቤቶች ልማትና አስተዳደር ስራዎችን ማሻሻል	\N	To Do	\N	\N	0	4.5	2025-10-13 07:23:01.627278+03	2025-11-12 22:22:47.298696+03
37	11	2	የዲዛይንና ዝግጅትን በጥራትና በወቅቱ ማከናወን	\N	To Do	\N	\N	0	2.5	2025-10-13 08:54:52.844328+03	2025-11-12 22:26:59.690669+03
38	11	3	የግንባታ ጨረታና ዉለታ አስተዳደርን ማሻሻል	\N	To Do	\N	\N	0	6	2025-10-13 08:58:35.87468+03	2025-11-12 22:40:48.767483+03
39	12	1	የመንግስት ቤቶችን ማስተዳደር	\N	To Do	\N	\N	0	7	2025-10-27 06:50:18.231339+03	2025-11-12 22:57:02.394028+03
40	12	2	የመንግስት ቤቶችን ማደስ፤ ማልማት እና የቤቶች የይዞታ ማረጋገጫ እንዲኖራቸው ማድረግ	\N	To Do	\N	\N	0	3	2025-10-27 06:53:40.874536+03	2025-11-12 23:00:32.740988+03
\.




--
-- Data for Name: Activities; Type: TABLE DATA; Schema: public; Owner: -
--


COPY public."Activities" (id, "taskId", "parentId", "rollNo", title, description, status, "dueDate", "previousMetric", "targetMetric", "currentMetric", "quarterlyGoals", progress, weight, "isDone", "createdAt", "updatedAt") FROM stdin;
22	8	\N	9	ነቀፌታ ያለበትን የኦዲት ግኝት መቀነስ	\N	To Do	\N	{}	{"በብር": "0"}	{}	{}	0	0.25	f	2025-10-13 00:36:09.665603+03	2025-10-13 00:36:09.665603+03
7	6	\N	3	ወቅቱንና ጥራቱን የጠበቀ ግምገማ ማድረግ	\N	To Do	\N	{"በሰነድ": "6"}	{"በሰነድ": "6"}	{}	{"q1": 1, "q2": 2, "q3": 1, "q4": 2}	0	0.5	f	2025-10-13 00:15:22.612515+03	2025-11-11 15:13:29.614794+03
8	6	\N	4	የዘርፉን መረጃ አያያዝ በቴክኖሎጂ በመደገፍ ማደራጀት	\N	To Do	\N	{"በመቶኛ": "100"}	{"በመቶኛ": "100"}	{}	{"q1": 100, "q2": 100, "q3": 100, "q4": 100}	0	0.5	f	2025-10-13 00:21:40.706275+03	2025-11-11 15:15:13.009333+03
9	7	\N	1	ግልጽነት የሰፈነበት የሰው ኃይል ስምሪት ማካሄድ	\N	To Do	\N	{"በመቶኛ": "100"}	{"በመቶኛ": "100"}	{}	{"q1": 100, "q2": 100, "q3": 100, "q4": 100}	0	0.5	f	2025-10-13 00:23:46.356153+03	2025-11-11 15:15:41.021989+03
10	7	\N	2	ለአመራር እና ለሰራተኞች የሚሰጡ ሥልጠናዎችን ማሳደግ	\N	To Do	\N	{"በቁጥር": "60"}	{"በቁጥር": "200"}	{}	{"q2": 150, "q4": 50}	0	0.5	f	2025-10-13 00:24:53.479878+03	2025-11-11 15:16:29.322911+03
11	7	\N	3	የውስጥ የማበረታቻ ስርዓት መዘርጋት	\N	To Do	\N	{"በጊዜ": "1"}	{"በጊዜ": "1"}	{}	{"q4": 1}	0	0.5	f	2025-10-13 00:25:25.932184+03	2025-11-11 15:16:49.458034+03
12	7	\N	4	የሰራተኛ ዕርካታን ማሳደግ	\N	To Do	\N	{"በመቶኛ": "53.5"}	{"በመቶኛ": "60"}	{}	{"q3": 60}	0	0.25	f	2025-10-13 00:26:14.654697+03	2025-11-11 15:26:29.870993+03
13	7	\N	5	የሰራተኛ ፍልሰትን መቀነስ	\N	To Do	\N	{"በመቶኛ": "0.0037"}	{"በመቶኛ": "0"}	{}	{"q1": 0, "q2": 0, "q3": 0, "q4": 0}	0	0.25	f	2025-10-13 00:26:59.30462+03	2025-11-11 15:27:50.514102+03
15	8	\N	2	ወቅቱን እና ጥራቱን የጠበቀ የሂሳብ ሪፖርት	\N	To Do	\N	{"በሰነድ": "12"}	{"በሰነድ": "12"}	{}	{"q1": 3, "q2": 3, "q3": 3, "q4": 3}	0	0.06	f	2025-10-13 00:29:07.564884+03	2025-11-11 15:32:46.842948+03
16	8	\N	3	በIBEX የተመዘገበ የበጀት ኮንትሮል ሪፖርት	\N	To Do	\N	{"በሰነድ": "1"}	{"በሰነድ": "1"}	{}	{"q4": 1}	0	0.03	f	2025-10-13 00:29:43.059829+03	2025-11-11 15:33:40.193381+03
17	8	\N	4	ተዘጋጅቶ የጸደቀ የተቋሙ የግዥ እቅድ	\N	To Do	\N	{"በሰነድ": "1"}	{"በሰነድ": "1"}	{}	{"q1": 1}	0	0.04	f	2025-10-13 00:30:17.083908+03	2025-11-11 15:34:03.715562+03
18	8	\N	5	በግዢ እቅዱ መሰረት የተዘጋጀ ሪፖርት	\N	To Do	\N	{"በሰነድ": "2"}	{"በሰነድ": "2"}	{}	{"q2": 1, "q4": 1}	0	0.04	f	2025-10-13 00:31:10.749305+03	2025-11-11 15:34:52.986825+03
19	8	\N	6	የተፈጸመ የግልጽ ጨረታ ግዢ ድርሻ	\N	To Do	\N	{"በመቶኛ": "85"}	{"በመቶኛ": "87"}	{}	{"q4": 87}	0	0.04	f	2025-10-13 00:32:02.835341+03	2025-11-11 15:35:23.507481+03
21	8	\N	8	ነቀፌታ ያለበትን የኦዲት ግኝት መቀነስ	\N	To Do	\N	{"በቁጥር": "0"}	{"በቁጥር": "0"}	{}	{"q4": 0}	0	0.5	f	2025-10-13 00:35:16.843094+03	2025-11-11 15:36:38.511393+03
23	8	\N	10	አጠቃላይ ቆጠራ ተደርጎ፣ ዋጋ ተሰጥቶት፣ ተመዝግቦ መለያ ምልክት የተለጠፈበት ቋሚ ንብረት	\N	To Do	\N	{"በመቶኛ": "100"}	{"በመቶኛ": "100"}	{}	{"q4": 100}	0	0.5	f	2025-10-13 00:36:48.014762+03	2025-11-11 15:37:34.856384+03
26	8	\N	13	በፕሮግራሙ መሰረት ጥገና የተደረገላቸዉ ቋሚ ንብረቶች	\N	To Do	\N	{"በቁጥር": "3"}	{"በቁጥር": "10"}	{}	{"q3": 5, "q4": 5}	0	0.25	f	2025-10-13 00:38:53.371746+03	2025-11-11 15:39:20.457258+03
25	8	\N	12	የቋሚ ንብረት ጥገናና ዕድሳት ስኬጁል ማዘጋጀት	\N	To Do	\N	{"በሰነድ": "3"}	{"በሰነድ": "1"}	{}	{"q1": 1}	0	0.5	f	2025-10-13 00:38:30.053737+03	2025-11-11 15:38:39.477442+03
27	9	\N	1	መረጃ ቋት ማደራጀት	\N	To Do	\N	{"በመቶኛ": "97"}	{"በመቶኛ": "100"}	{}	{"q2": 98, "q4": 100}	0	0.25	f	2025-10-13 00:39:56.873144+03	2025-11-11 15:41:41.22569+03
28	9	\N	2	በተቋሙ ወረቀት አልባ አሰራርን መተግበር	\N	To Do	\N	{"በመቶኛ": "60"}	{"በመቶኛ": "80"}	{}	{"q1": 65, "q2": 70, "q3": 75, "q4": 80}	0	0.25	f	2025-10-13 00:40:24.524577+03	2025-11-11 15:42:09.381817+03
30	9	\N	4	የተሻሻለና ደህንነቱ የተረጋገጠ የኢኮቴ አጠቃቀም	\N	To Do	\N	{"በመቶኛ": "75"}	{"በመቶኛ": "100"}	{}	{"q1": 80, "q3": 90, "q4": 100}	0	0.25	f	2025-10-13 00:41:19.299746+03	2025-11-11 15:43:13.864977+03
31	10	\N	1	ለተቋም አቅም ግንባታ በክልል ውስጥ አጋርነት የተገኘ ድጋፍ	\N	To Do	\N	{"በብር": "45000"}	{"በብር": "1000000"}	{}	{"q3": 1000000}	0	0.25	f	2025-10-13 00:42:45.939962+03	2025-11-11 15:44:13.498104+03
32	10	\N	2	ለተቋም አቅም ግንባታ በሀገር ዉስጥ አጋርነት የተገኘ ድጋፍ ለመሰብሰብ፤	\N	To Do	\N	{"በብር": "50000"}	{"በብር": "100000"}	{}	{"q4": 100000}	0	0.25	f	2025-10-13 00:43:18.082278+03	2025-11-11 15:44:46.201625+03
35	11	\N	2	የየሩብ ዓመት የተጠሪ ተቋማት ሪፖርት መገምገም	\N	To Do	\N	{"በቁጥር": "3"}	{"በቁጥር": "4"}	{}	{"q1": 1, "q2": 1, "q3": 1, "q4": 1}	0	0.2	f	2025-10-13 00:45:09.364258+03	2025-11-11 15:48:00.018251+03
36	11	\N	3	የቢሮዉን/ተቋሙን ዕቅድ ከክልሉ ዕቅድ ጋር ማናበብና ማጣጣም	\N	To Do	\N	{"በሰነድ": "1"}	{"በሰነድ": "1"}	{}	{"q1": 2}	0	0.2	f	2025-10-13 00:45:37.160057+03	2025-11-11 15:48:34.581453+03
37	11	\N	4	የተቋሙን/የቢሮዉን ዕቅድ ለወረዳ ማዉረድ	\N	To Do	\N	{"በሰነድ": "9"}	{"በሰነድ": "9"}	{}	{"q1": 9}	0	0.2	f	2025-10-13 00:46:50.195655+03	2025-11-11 15:49:12.803451+03
39	12	\N	1	በብልሹ አሰራር ዙርያ ጥቆማ ከተደረገባቸው ውስጥ ማስተካከያ የተደረገባቸው	\N	To Do	\N	{"በመቶኛ": "100"}	{"በመቶኛ": "100"}	{}	{"q1": 100, "q2": 100, "q3": 100, "q4": 100}	0	0.25	f	2025-10-13 00:49:40.867687+03	2025-11-11 15:50:57.564987+03
40	12	\N	2	ለብልሹ አሰራር የተጋለጡ አሰራሮች በጥናት በመለየት የማሻሻያ ሀሳብ ማቅረብ	\N	To Do	\N	{"በቁጥር": "2"}	{"በቁጥር": "1"}	{}	{"q3": 1}	0	0.5	f	2025-10-13 00:50:05.9066+03	2025-11-11 15:51:23.019773+03
75	17	\N	3	የማህበረ ኢኮኖሚ ፕላን ትግበራ ላይ ክትትልና ቁጥጥር ማድረግ	\N	To Do	\N	{"በሰነድ": "1"}	{"በሰነድ": "1"}	{}	{"q4": 1}	0	0.5	f	2025-10-13 06:20:43.589269+03	2025-11-11 16:27:35.498105+03
34	11	\N	1	የተጠሪ ተቋማት ዕቅድን ከዘርፍ ዕቅድ ጋር ማናበብና ማጣጣም	\N	To Do	\N	{"በሰነድ": "6"}	{"በሰነድ": "6"}	{}	{"q1": 6}	0	0.2	f	2025-10-13 00:44:42.764786+03	2025-11-12 23:10:55.400303+03
42	12	\N	4	የሀብት ምዝገባ ያካሄዱ አመራሮች እና ባለሞያዎች ድርሻ ማሳደግ	\N	To Do	\N	{"በቁጥር": "37"}	{"በቁጥር": "100"}	{}	{"q3": 100}	0	0.25	f	2025-10-13 00:54:31.928663+03	2025-11-11 15:52:14.052802+03
43	13	\N	1	የህጻናት ማቆያ አገልግሎት ተጠቃሚ ሰራተኞች ብዛት ማሳደግ	\N	To Do	\N	{"በቁጥር": "9"}	{"በቁጥር": "10"}	{}	{"q4": 10}	0	0.25	f	2025-10-13 00:56:49.859766+03	2025-11-11 15:53:05.23862+03
44	13	\N	2	ወደ አመራር የመጡ ሴት ሰራተኞች ብዛት ማሳደግ	\N	To Do	\N	{"በመቶኛ": "27.5"}	{"በመቶኛ": "50"}	{}	{"q4": 50}	0	0.25	f	2025-10-13 00:57:17.692331+03	2025-11-11 15:53:33.495864+03
46	13	\N	4	ለአካል ጉዳተኛ ሰራተኞችና ተገልጋዮች ምቹ የስራ ሁኔታና ቦታ መፍጠር	\N	To Do	\N	{"በመቶኛ": "50"}	{"በመቶኛ": "100"}	{}	{"q1": 60, "q2": 65, "q3": 70, "q4": 100}	0	0.25	f	2025-10-13 00:58:13.18853+03	2025-11-11 15:54:22.750709+03
47	14	\N	1	የአረንጓዴ አሻራ ተግባራትን ማካሄድ የቀረበ ችግኝ	\N	To Do	\N	{"በቁጥር": "2800"}	{"በቁጥር": "1602"}	{}	{"q1": 1602}	0	0.2	f	2025-10-13 05:44:09.471406+03	2025-11-11 15:57:52.410459+03
48	14	\N	2	የአረንጓዴ አሻራ ተግባራትን ማካሄድ የተተከለ ችግኝ	\N	To Do	\N	{"በቁጥር": "2800"}	{"በቁጥር": "1602"}	{}	{"q1": 1602}	0	0.15	f	2025-10-13 05:44:39.657945+03	2025-11-11 15:58:15.452451+03
50	14	\N	4	የአረንጓዴ አሻራ ተግባራትን ማካሄድ የጸደቀ ችግኝ	\N	To Do	\N	{"በቁጥር": "1000"}	{"በቁጥር": "1361"}	{}	{"q1": 1361, "q4": 1361}	0	0.15	f	2025-10-13 05:46:07.934083+03	2025-11-11 16:00:37.56561+03
51	14	\N	5	የአቅመ ደካማ ማህበረሰቦች የመኖሪያ ቤቶች መገንባት (ማደስ) ብዛት	\N	To Do	\N	{"በቁጥር": "4"}	{"በቁጥር": "4"}	{}	{"q1": 2, "q4": 2}	0	0.15	f	2025-10-13 05:46:39.000246+03	2025-11-11 16:01:05.760708+03
52	14	\N	6	የአቅመ ደካማ ማህበረሰቦች የመኖሪያ ቤቶች መገንባት (ማደስ) በብር\t0.15\tበብር\t3ሚ	\N	To Do	\N	{"በብር": "3000000"}	{"በብር": "1500000"}	{}	{"q1": 700000, "q4": 800000}	0	0.15	f	2025-10-13 05:47:59.237539+03	2025-11-11 16:03:44.246408+03
54	14	\N	8	ለተለያዩ ማህበራዊ ቀውሶች የተደረገ ድጋፍ	\N	To Do	\N	{"በብር": "200000"}	{"በብር": "400000"}	{}	{"q1": 100000, "q2": 100000, "q3": 100000, "q4": 100000}	0	0.5	f	2025-10-13 05:50:21.673807+03	2025-11-11 16:06:25.462816+03
55	14	\N	9	የተደረገ ደም ልገሳ	\N	To Do	\N	{"ዩኒት": "13"}	{"ዩኒት": "30"}	{}	{"q2": 15, "q4": 15}	0	0.5	f	2025-10-13 05:51:55.892954+03	2025-11-11 16:07:05.950057+03
56	14	\N	10	ወላጆቻቸውን ያጡ ህፃናትን መደገፍ ብዛት በቁጥር	\N	To Do	\N	{"በቁጥር": "10"}	{"በቁጥር": "10"}	{}	{"q3": 10}	0	0.2	f	2025-10-13 05:52:18.989475+03	2025-11-11 16:07:31.756343+03
59	15	\N	2	የሰፈር ልማት ፕላኖችን በአማካሪ ድርጅት ማዘጋጀት	\N	To Do	\N	{"በቁጥር": "6"}	{"በቁጥር": "4"}	{}	{"q3": 4}	0	0.5	f	2025-10-13 06:12:26.789997+03	2025-11-11 16:15:51.27873+03
58	15	\N	1	12 ነባር የአካባቢ ልማት ፕላን ዝግጅት ስራዎችን እንዲፀድቁ ለማድረግ የክትትል ሥራ መስራት	\N	To Do	\N	{"በሰነድ": "8"}	{"በሰነድ": "12"}	{}	{"q2": 12}	0	0.5	f	2025-10-13 06:11:50.814165+03	2025-11-11 16:14:39.128564+03
60	15	\N	3	ለሰፈር ልማት ፕላን ዝግጅት የሚሆኑ 4 መሰረታዊ ካርታዎች ማዘጋጀት	\N	To Do	\N	{"በቁጥር": ""}	{"በቁጥር": "4"}	{}	{"q2": 4}	0	0.5	f	2025-10-13 06:12:52.172431+03	2025-11-11 16:16:28.720943+03
61	15	\N	4	2 በመልሶ ማልማት የከተማ ዲዛይን በተመረጡ የከተማው እንብርት ቦታዎች በራስ አገዝ እንዲሰሩ ማድረግ	\N	To Do	\N	{"በሰነድ": "2"}	{"በሰነድ": "2"}	{}	{"q2": 1, "q3": 1}	0	1	f	2025-10-13 06:13:20.427293+03	2025-11-11 16:17:24.710136+03
63	15	\N	6	አንድ ቤዚክ ፕላን ለገጠር ጥንስስ ከተማ ማዘጋጀት በራስ አገዝ ማዘጋጀት	\N	To Do	\N	{"በሰነድ": "1"}	{"በሰነድ": "1"}	{}	{"q3": 1}	0	1	f	2025-10-13 06:14:07.004779+03	2025-11-11 16:18:40.065547+03
64	15	\N	7	በዩን ሃቢታት አየተዘጋጀ ያለው ክልላዊ ሰፓሻል ፕላንን የተረከብነውን በክልል ምክር ቤት እንዲፀድቅ ክትትል ማድረግ	\N	To Do	\N	{"በሰነድ": ""}	{"በሰነድ": "1"}	{}	{"q4": 1}	0	0.5	f	2025-10-13 06:14:56.397143+03	2025-11-11 16:19:07.790721+03
65	15	\N	8	በፕላን የሚመሩ የገጠር ማዕከላት ሽፋን ማሳደግ	\N	To Do	\N	{"በመቶኛ": "70"}	{"በመቶኛ": "80"}	{}	{"q2": 75, "q4": 80}	0	0.5	f	2025-10-13 06:15:25.101286+03	2025-11-11 16:19:45.810651+03
66	15	\N	9	በፕላን የሚመሩ ከተሞች ሽፋን ማሳደግ	\N	To Do	\N	{"በመቶኛ": "48"}	{"በመቶኛ": "80"}	{}	{"q2": 60, "q4": 80}	0	0.5	f	2025-10-13 06:15:49.214401+03	2025-11-11 16:20:41.037659+03
67	15	\N	10	የሰፈር ልማት ፕላኖች ሽፋን ማሳደግ	\N	To Do	\N	{"በመቶኛ": "46"}	{"በመቶኛ": "55"}	{}	{"q2": 50, "q4": 55}	0	0.5	f	2025-10-13 06:16:16.845141+03	2025-11-11 16:21:18.368909+03
69	16	\N	2	የገጠር ኮሪደር ልማት የሚዘጋጅላቸው የገጠር ዕድገት ማእከላት ስኬች ፕላን ጥናቶችን ማዘጋጀት	\N	To Do	\N	{"በሰነድ": "6"}	{"በሰነድ": "6"}	{}	{"q2": 3}	0	0.5	f	2025-10-13 06:17:36.115513+03	2025-11-11 16:23:42.304653+03
70	16	\N	3	በተዘጋጁ ስኬች ፕላን ጥናት ላይ ለሚመለከታቸው ባለድርሻ አካለት የግንዛቤ መፍጠሪያ መድረክ ማዘጋጀት	\N	To Do	\N	{"በመድረክ": "2"}	{"በመድረክ": "2"}	{}	{"q1": 1, "q3": 1}	0	0.25	f	2025-10-13 06:18:01.511188+03	2025-11-11 16:24:22.258757+03
71	16	\N	4	ከተሞች ወደ Smart city ትግበራ እንዲገቡ ይደረጋል የጥናትና የዝግጅት ምዕራፍ ሥራዎች መስራት	\N	To Do	\N	{"በሰነድ": ""}	{"በሰነድ": "1"}	{}	{"q3": 1}	0	0.5	f	2025-10-13 06:18:27.658258+03	2025-11-11 16:25:02.993242+03
73	17	\N	1	የስፓሻል ፕላን ትግበራ ላይ ክትትልና ቁጥጥር ማድረግ	\N	To Do	\N	{"በሰነድ": "1"}	{"በሰነድ": "1"}	{}	{"q4": 1}	0	0.5	f	2025-10-13 06:19:58.133631+03	2025-11-11 16:26:32.601648+03
74	17	\N	2	የአረንጓዴ ልማት ፕላን ትግበራ ላይ ክትትልና ቁጥጥር ማድረግ	\N	To Do	\N	{"በሰነድ": "2"}	{"በሰነድ": "2"}	{}	{"q2": 1, "q4": 1}	0	0.5	f	2025-10-13 06:20:21.870427+03	2025-11-11 16:27:08.423983+03
77	17	\N	5	የመሬት ሽንሻኖ ፕላን ትግበራ ላይ ክትትልና ቁጥጥር ማድረግ	\N	To Do	\N	{"በሰነድ": "2"}	{"በሰነድ": "2"}	{}	{"q2": 1, "q4": 1}	0	0.5	f	2025-10-13 06:21:26.326124+03	2025-11-11 16:29:03.193229+03
79	17	\N	7	ለሚፀድቁት ሰፈር ልማት ፕላን ትግበራ ላይ ክትትልና ቁጥጥር ማድረግ	\N	To Do	\N	{"በሰነድ": "2"}	{"በሰነድ": "2"}	{}	{"q2": 1, "q4": 1}	0	0.5	f	2025-10-13 06:22:29.450113+03	2025-11-11 16:29:55.748251+03
80	17	\N	8	የኤረርና ድሬጠያራ ከተሞች ፕላን ክትትልና ድጋፍ ማድረግ	\N	To Do	\N	{"በሰነድ": "0"}	{"በሰነድ": "1"}	{}	{"q2": 1}	0	0.75	f	2025-10-13 06:22:58.175695+03	2025-11-11 16:30:22.610185+03
81	17	\N	9	የከተማ ፕላን ትግበራ ክትትልና ቁጥጥር ሽፋን ማሳደግ	\N	To Do	\N	{"በመቶኛ": "70"}	{"በመቶኛ": "100"}	{}	{"q2": 80, "q4": 100}	0	0.75	f	2025-10-13 06:23:26.07747+03	2025-11-11 16:30:54.266223+03
82	18	\N	1	የማስተግበሪያ ሰነድ ማዘጋጀት	\N	To Do	\N	{"በሰነድ": "1"}	{"በሰነድ": "1"}	{}	{"q2": 1}	0	0.25	f	2025-10-13 06:24:14.540299+03	2025-11-11 16:33:06.052462+03
83	18	\N	2	የተዘጋጁ ፕላኖችንና የማስፈጸሚያ ዕቅዶቹ ላይ ስልጠና መስጠት	\N	To Do	\N	{"በመድረክ": "0"}	{"በመድረክ": "2"}	{}	{"q2": 1, "q3": 1}	0	0.5	f	2025-10-13 06:24:44.128024+03	2025-11-11 16:33:33.923542+03
84	18	\N	3	በሚመለከታቸዉ አካላት እንዲፀድቅ ክትትል ማድረግ	\N	To Do	\N	{"በሰነድ": "1"}	{"በሰነድ": "1"}	{}	{"q2": 1}	0	0.25	f	2025-10-13 06:25:10.36608+03	2025-11-11 16:34:06.78814+03
85	18	\N	4	ወረዳዎቹንና የልማት ማዕከላቱን የባለሞያ ድጋፍ መስጠት	\N	To Do	\N	{"በቁጥር": "6"}	{"በቁጥር": "3"}	{}	{"q2": 1, "q3": 1, "q4": 1}	0	0.25	f	2025-10-13 06:25:34.288224+03	2025-11-11 16:34:41.26052+03
86	19	\N	1	የከተማ ፕላን ክዋኔ ኦዲት አመታዊ መርሃ ግብር ማዘጋጀት	\N	To Do	\N	{"በሰነድ": "2"}	{"በሰነድ": "1"}	{}	{"q1": 1}	0	1	f	2025-10-13 06:26:20.9003+03	2025-11-11 16:35:22.753308+03
87	19	\N	2	የከተማ ፕላን ትግበራ ክዋኔ ኦዲት ማካሄድ	\N	To Do	\N	{"በሰነድ": "4"}	{"በሰነድ": "1"}	{}	{"q4": 1}	0	1.5	f	2025-10-13 06:26:47.774379+03	2025-11-11 16:35:58.112345+03
88	20	\N	1	የመሬት ፍላጎትንና መቸት መለየት	\N	To Do	\N	{"ሰነድ": "1"}	{"ሰነድ": "1"}	{}	{"q1": 1}	0	0.5	f	2025-10-13 06:28:08.395653+03	2025-11-11 16:37:17.789007+03
89	20	\N	2	የመሬት ማዘጋጀት	\N	To Do	\N	{"በሄክታር": "39.01"}	{"በሄክታር": "50"}	{}	{"q1": 10, "q2": 15, "q3": 15, "q4": 10}	0	0.75	f	2025-10-13 06:29:00.344499+03	2025-11-11 16:38:27.492225+03
91	20	\N	4	ለተሻሻለው የካሳ አዋጅ ቁጥር 1336/2016 ማስፈጸሚያ ክልላዊ መመርያ እንዲዘጋጅ ይደረጋል	\N	To Do	\N	{"በሰነድ": ""}	{"በሰነድ": "1"}	{}	{"q4": 1}	0	0.25	f	2025-10-13 06:30:15.143022+03	2025-11-11 16:39:27.52496+03
92	21	\N	1	መሬት ለልማት ማስተላለፍ	\N	To Do	\N	{"በሄክታር": "40.96"}	{"በሄክታር": "50"}	{}	{"q1": 10, "q2": 15, "q3": 15, "q4": 10}	0	0.75	f	2025-10-13 06:31:24.862011+03	2025-11-11 16:40:10.49596+03
94	21	\N	3	ለንግድ አገልግሎት የተላለፈ መሬት	\N	To Do	\N	{"በሄክታር": "4.05"}	{"በሄክታር": "5"}	{}	{"q1": 1, "q2": 1.5, "q3": 1.5, "q4": 1}	0	0.75	f	2025-10-13 06:32:15.173445+03	2025-11-11 16:42:09.004274+03
95	21	\N	4	ለማህበራዊ አገልግሎት የተላለፈ መሬት	\N	To Do	\N	{"በሄክታር": "8.61"}	{"በሄክታር": "9"}	{}	{"q1": 2, "q2": 2.5, "q3": 2.5, "q4": 2}	0	0.75	f	2025-10-13 06:32:45.283017+03	2025-11-11 16:43:10.934663+03
97	21	\N	6	ለኢንዱስትሪ አገልግሎት የተላለፈ መሬት	\N	To Do	\N	{"በሄክታር": "3.5"}	{"በሄክታር": "6"}	{}	{"q1": 1.2, "q2": 1.8, "q3": 1.8, "q4": 1.2}	0	0.75	f	2025-10-13 06:33:33.810003+03	2025-11-11 16:44:44.656734+03
99	21	\N	8	ለከተማ ግብርና አገልግለሎት የተላለፈ መሬት	\N	To Do	\N	{"በሄክታር": "2"}	{"በሄክታር": "2"}	{}	{"q2": 1, "q3": 1}	0	0.75	f	2025-10-13 06:34:24.479137+03	2025-11-11 16:46:18.745556+03
100	21	\N	9	ለአረንጓዴ፣ ለመዝናኛና አከባቢ ጥበቃ የተላለፈ/የተጠበቀ መሬት	\N	To Do	\N	{"በሄክታር": "4.57"}	{"በሄክታር": "4"}	{}	{"q1": 1, "q2": 1, "q3": 1, "q4": 1}	0	0.75	f	2025-10-13 06:34:53.129156+03	2025-11-11 16:47:02.278264+03
101	22	\N	1	አዲስ ይዞታ ማረጋገጫ ማስረጃ መስጠት	\N	To Do	\N	{"በቁጥር": "6275"}	{"በቁጥር": "8000"}	{}	{"q1": 1600, "q2": 2400, "q3": 2400, "q4": 1500}	0	0.25	f	2025-10-13 06:35:42.59349+03	2025-11-11 16:49:16.360421+03
103	22	\N	3	ለሰነድ አልባ ይዞታዎች እና የመንግስት ተቋም (የቀበሌ እና ኪራይ ቤት) ሰነድ መስጠት	\N	To Do	\N	{"በቁጥር": "3672"}	{"በቁጥር": "4500"}	{}	{"q1": 900, "q2": 1350, "q3": 1350, "q4": 900}	0	0.25	f	2025-10-13 06:36:37.990075+03	2025-11-11 16:51:47.320152+03
104	22	\N	4	የመሬት ይዞታን ማሻሻል	\N	To Do	\N	{"በቁጥር": "789"}	{"በቁጥር": "1000"}	{}	{"q1": 200, "q2": 300, "q3": 300, "q4": 200}	0	0.25	f	2025-10-13 06:37:14.680871+03	2025-11-11 16:53:04.13012+03
106	22	\N	6	በክልሉ 5,000 በቁራሽ መሬት (10 ሄክታር) ላይ የሚገኝ የመሬት ሀብታቸውን ቆጥረውና መዝግበው ወቅታዊ እንዲያደርጉና እንዲያስተዳድሩ ይደረጋል	\N	To Do	\N	{"በሄክታር": ""}	{"በሄክታር": "10"}	{}	{"q1": 2, "q2": 3, "q3": 3, "q4": 2}	0	0.25	f	2025-10-13 06:39:14.463306+03	2025-11-11 16:56:51.311083+03
107	23	\N	1	ከመሬት ነክ ቋሚ ንብረት ገቢን ማሰባሰብ	\N	To Do	\N	{"በብር": "34563136000"}	{"በብር": "500000000"}	{}	{"q1": 100000, "q2": 150000, "q3": 150000, "q4": 100000}	0	1.5	f	2025-10-13 06:40:21.902482+03	2025-11-11 16:58:49.714651+03
108	23	\N	2	ለልማት ተነሺዎች ካሳ መክፈል	\N	To Do	\N	{"በብር": "21329005300"}	{"በብር": "200000000"}	{}	{"q1": 40000, "q2": 60000, "q3": 60000, "q4": 40000}	0	1.5	f	2025-10-13 06:40:47.299541+03	2025-11-11 17:00:14.068669+03
109	24	\N	1	የመሬት ይዞታ ማህደራትን ማደራጀት	\N	To Do	\N	{"በቁጥር": "15909"}	{"በቁጥር": "12500"}	{}	{"q1": 2500, "q2": 3750, "q3": 3750, "q4": 2500}	0	0.75	f	2025-10-13 06:42:58.275036+03	2025-11-11 17:01:40.109294+03
118	25	\N	8	ከባለድረሻ አካላት ጋር MOU መፈራረም	\N	To Do	\N	{"የተዘጋጀ ሰነድ": "1"}	{"የተዘጋጀ ሰነድ": "13"}	{}	{"q1": 13}	0	0.25	f	2025-10-13 06:48:43.115638+03	2025-11-11 17:09:24.441338+03
112	25	\N	2	ቅሬታ ሰሚ ጉባኤ ማደራጀትና ታዛቢ ኮሚቴ ማዋቀር	\N	To Do	\N	{"በቀጠና ብዛት": "4"}	{"በቀጠና ብዛት": "4"}	{}	{"q1": 1, "q2": 1, "q3": 1, "q4": 1}	0	0.5	f	2025-10-13 06:45:29.066127+03	2025-11-11 17:05:01.225677+03
113	25	\N	3	ለተመረጡ ቅሬታ ሰሚ ጉባኤ እና ታዛቢ ኮሚቴ አባላት ማበረታቻ ክፍያ መመሪያ ማዘጋጀት	\N	To Do	\N	{"በሰነድ": ""}	{"በሰነድ": "1"}	{}	{"q1": 1}	0	0.25	f	2025-10-13 06:46:10.418919+03	2025-11-11 17:05:38.190677+03
115	25	\N	5	ሕጋዊ ካዳስተር ለመተግበር ለፈጻሚዎችንና አስፈጻሚ አካላት የግንዛቤ ማስጨበጫ ስልጠና መስጠት	\N	To Do	\N	{"በመድረክ": "3"}	{"በመድረክ": "3"}	{}	{"q1": 1, "q2": 1, "q3": 1}	0	0.25	f	2025-10-13 06:47:14.801325+03	2025-11-11 17:07:12.36466+03
116	25	\N	6	የከተማ መሬት ምዝገባ ፕሮግራም ለማስፈጸም የሚያስችል ለህብረተሰብ ግንዛቤ ማስጨበጫ መስጠት	\N	To Do	\N	{"በመድረክ": "4"}	{"በመድረክ": "4"}	{}	{"q1": 1, "q2": 1, "q3": 1, "q4": 1}	0	0.25	f	2025-10-13 06:47:38.38125+03	2025-11-11 17:08:02.054999+03
117	25	\N	7	ኦርቶፎቶ በመጠቀም ለመሬት ይዞታ ማረጋገጫ ማከናወኛ ካርታና ኢንዴክስ ማፕ ማዘጋጀት	\N	To Do	\N	{"በቁራሽ መሬት በቁጥር": "14200"}	{"በቁራሽ መሬት በቁጥር": "15000"}	{}	{"q1": 3000, "q2": 4500, "q3": 4500, "q4": 3000}	0	0.5	f	2025-10-13 06:48:01.719463+03	2025-11-11 17:08:56.87086+03
120	26	\N	2	በተመረጡ ቀጠናዎች ውስጥ ይዞታዎችን የቅየሳ ስራ መስራት	\N	To Do	\N	{"በቁራሽ መሬት በቁጥር": "15000"}	{"በቁራሽ መሬት በቁጥር": "3000"}	{}	{"q1": 4500, "q2": 4500, "q3": 4500, "q4": 3000}	0	0.5	f	2025-10-13 06:50:17.073635+03	2025-11-11 17:11:13.35195+03
121	26	\N	3	የመሬት ይዞታን ማረጋገጥ	\N	To Do	\N	{"በቁራሽ መሬት በቁጥር": "12486"}	{"በቁራሽ መሬት በቁጥር": "15000"}	{}	{"q1": 3000, "q2": 4500, "q3": 4500, "q4": 3000}	0	2	f	2025-10-13 06:50:51.131166+03	2025-11-11 17:12:27.899409+03
123	26	\N	5	የካዳስተር ቁራሽ መሬት የይዞታ ማረጋገጫ ካርታ እንዲዘጋጅ ማድረግ	\N	To Do	\N	{"የይዞታ ማረጋገጫ ካርታ በቁጥር": ""}	{"የይዞታ ማረጋገጫ ካርታ በቁጥር": "15000"}	{}	{"q1": 3000, "q2": 4500, "q3": 4500, "q4": 3000}	0	0.25	f	2025-10-13 06:52:12.092208+03	2025-11-11 17:14:12.878034+03
124	26	\N	6	የአድራሻ ስርዓት ካርታ በአማካሪ የትግበራ አፕሊኬሽን እንዲዘጋጅ ማድረግ	\N	To Do	\N	{"በከተማ ቁጥር": ""}	{"በከተማ ቁጥር": "1"}	{}	{"q1": 1}	0	0.25	f	2025-10-13 06:52:37.150939+03	2025-11-11 17:15:13.391166+03
126	27	\N	1	በማረጋገጥ ሂደቱ ብቁ የሆኑትን ይዞታወችን በሲስተም በመመዝገብ የምዝገባ ሰርቲፊኬት መስጠት	\N	To Do	\N	{"በቁጥር": "2063"}	{"በቁጥር": "6500"}	{}	{"q1": 1300, "q2": 1950, "q3": 1950, "q4": 1300}	0	1	f	2025-10-13 06:53:50.8319+03	2025-11-11 17:16:52.253785+03
127	27	\N	2	በማረጋገጥ ሂደቱ ብቁ የሆኑትን ይዞታወችን በማንዋል በመመዝገብ የምዝገባ ሰርቲፊኬት መስጠት	\N	To Do	\N	{"በቁጥር": "3325"}	{"በቁጥር": "6000"}	{}	{"q1": 1200, "q2": 1800, "q3": 1800, "q4": 1200}	0	1	f	2025-10-13 06:55:06.209907+03	2025-11-11 17:18:27.120668+03
128	28	\N	1	የመሬት ይዞታ ማረጋገጥና ምዝገባ አገልገሎት መስጠት	\N	To Do	\N	{"በቁጥር": "3325"}	{"በቁጥር": "6000"}	{}	{"q1": 1200, "q2": 1800, "q3": 1800, "q4": 1200}	0	1	f	2025-10-13 06:56:31.417664+03	2025-11-11 17:19:51.509516+03
129	28	\N	2	በሲስተም የተመዘገቡትን ይዞታዎች አገልገሎት በመስጠት ገቢ መሰብሰብ	\N	To Do	\N	{"በብር": "4950500"}	{"በብር": "10000000"}	{}	{"q1": 2000000, "q2": 3000000, "q3": 3000000, "q4": 2000000}	0	0.5	f	2025-10-13 06:57:31.599842+03	2025-11-11 17:20:59.741959+03
130	28	\N	3	የካዳስተርን ሽፋን ማሳደግ	\N	To Do	\N	{"በመቶኛ": "16"}	{"በመቶኛ": "60"}	{}	{"q2": 35, "q4": 60}	0	0.5	f	2025-10-13 06:57:55.286776+03	2025-11-11 17:22:03.386055+03
134	29	\N	4	በክልሉ የሪል ፕሮፐርቲ ግብይት ግመታና ፈቃድ አሰጣጥ ስርዓት አደረጃጀት እንዲፈጠር ማድረግ (ፈቃድ በክልል ደረጃ እና በፌደራል ደረጃ ይሰጣል ስለዚህ በክልል እንዲሰጠጥ ማድረግ)	\N	To Do	\N	{}	{"በቄጥር": "1"}	{}	{"q3": 1}	0	0.166	f	2025-10-13 07:00:42.446764+03	2025-11-12 21:37:21.204444+03
132	29	\N	2	በከተሞች የሪል ንብረቶች ዋጋ ግመታ በማካሄድ ገቢ መሰብሰብ፣	\N	To Do	\N	{}	{"በብር": "200000000"}	{}	{"q1": 40000000, "q2": 60000000, "q3": 60000000, "q4": 40000000}	0	0.5	f	2025-10-13 06:59:40.775222+03	2025-11-12 21:35:31.562124+03
133	29	\N	3	በከተሞች የሪል ንብረቶች ዋጋ ግመታ በማካሄድ ሽፋኑን 70 በመቶ ማድረስ፣	\N	To Do	\N	{"በመቶኛ": "10"}	{"በመቶኛ": "70"}	{}	{"q2": 45, "q4": 90}	0	0.5	f	2025-10-13 07:00:14.179317+03	2025-11-12 21:36:00.428269+03
135	29	\N	5	የሪል ፕሮፐርቲ ዳታ ቤዝ ማልማት	\N	To Do	\N	{}	{"በቄጥር": "1"}	{}	{"q2": 1}	0	0.167	f	2025-10-13 07:02:18.660231+03	2025-11-12 21:37:38.371353+03
136	29	\N	6	የክልሉ መረጃ በሀገር ዓቀፍ ደረጃ በለማው የሪል ፕሮፐርቲ ፕላትፎርምና ኦብዘርቫቶሪ ሲስተም ላይ እንዲጫን ይደረጋል	\N	To Do	\N	{}	{"በቄጥር": "1"}	{}	{"q4": 1}	0	0.167	f	2025-10-13 07:02:48.556261+03	2025-11-12 21:37:49.079934+03
137	30	\N	1	የተሰጠ የፕላን ስምምነት	\N	To Do	\N	{"በቁጥር": "591"}	{"በቁጥር": "1600"}	{}	{"q1": 320, "q2": 480, "q3": 480, "q4": 320}	0	1	f	2025-10-13 07:04:16.66232+03	2025-11-12 21:39:14.034735+03
139	30	\N	3	የተሰጠ የግንባታ ፍቃድ ማሻሻያ ፍቃድ	\N	To Do	\N	{"በቁጥር": "8"}	{"በቁጥር": "15"}	{}	{"q1": 3, "q2": 5, "q3": 4, "q4": 3}	0	0.5	f	2025-10-13 07:05:55.502057+03	2025-11-12 21:40:44.34804+03
138	30	\N	2	የተሰጠ አዲስ የግንባታ ፍቃድ	\N	To Do	\N	{"በቁጥር": "581"}	{"በቁጥር": "1200"}	{}	{"q1": 240, "q2": 360, "q3": 360, "q4": 240}	0	1	f	2025-10-13 07:05:19.504344+03	2025-11-12 21:40:10.881976+03
141	30	\N	5	የተሰጠ የግንባታ እድሳት ፍቃድ	\N	To Do	\N	{"በቁጥር": "95"}	{"በቁጥር": "355"}	{}	{"q1": 70, "q2": 108, "q3": 107, "q4": 70}	0	1	f	2025-10-13 07:06:48.894887+03	2025-11-12 21:41:50.844394+03
144	31	\N	3	የወቅታዊ የግንበታ ገበያ ዋጋ ጥናት ማድረግ	\N	To Do	\N	{"በሰነድ": "3"}	{"በሰነድ": "4"}	{}	{"q1": 1, "q2": 1, "q3": 1, "q4": 1}	0	0.5	f	2025-10-13 07:08:13.817137+03	2025-11-12 21:43:12.380257+03
146	31	\N	5	4 የኮንስትራክሽን መሪ መዛኞችን በማፍራት 100 አነስተኛ እና መለስተኛ ባለሙያዎች ብቃታቸው በምዘና እንዲረጋገጥ ይደረጋል፡፡	\N	To Do	\N	{}	{"መሪ መዛኝ በቁጥር": "4"}	{}	{"q2": 4}	0	0.5	f	2025-10-13 07:09:02.473947+03	2025-11-12 21:44:05.687444+03
147	31	\N	6	No Name/ስም የለም/Tihariho eiziina	\N	To Do	\N	{}	{"በምዘና የተረጋገጠ ባለሙያ በቁጥር": "100"}	{}	{"q3": 50, "q4": 50}	0	0.5	f	2025-10-13 07:12:07.105024+03	2025-11-12 21:44:39.083322+03
148	32	\N	1	የህንፃ፣የመንገድ ዳር እና የውጭ ማስታወቂያ ፈቃድ መስጠት (አዲስ እና ነባር)	\N	To Do	\N	{"በቁጥር": "11"}	{"በቁጥር": "150"}	{}	{"q1": 30, "q2": 45, "q3": 45, "q4": 30}	0	1	f	2025-10-13 07:13:03.160837+03	2025-11-12 21:45:09.375966+03
149	32	\N	2	የማስታወቂያ ተከላ ክትትልና ቁጥጥር ማድረግ	\N	To Do	\N	{"በቁጥር": "104"}	{"በቁጥር": "150"}	{}	{"q1": 30, "q2": 45, "q3": 45, "q4": 30}	0	0.5	f	2025-10-13 07:13:29.701279+03	2025-11-12 21:45:28.016368+03
150	33	\N	1	የተሰጠ የግንባታ እርከን ማሳወቂያ	\N	To Do	\N	{"በቁጥር": "38"}	{"በቁጥር": "142"}	{}	{"q1": 20, "q2": 30, "q3": 30, "q4": 20}	0	0.5	f	2025-10-13 07:17:08.442513+03	2025-11-12 21:46:03.981541+03
152	33	\N	3	ተጀምረው ያልተጠናቀቁ እና አዲስ ግንባታ ፕሮጀክቶች ክትትልና ቁጥጥር ማድረግ	\N	To Do	\N	{"በፕሮጀክት ቁጥር": "142"}	{"በፕሮጀክት ቁጥር": "154"}	{}	{"q1": 31, "q2": 46, "q3": 46, "q4": 31}	0	0.5	f	2025-10-13 07:17:59.693732+03	2025-11-12 21:46:56.879469+03
153	33	\N	4	የማስተካከያ ትዕዛዝ የተሰጠባቸዉና የተስተካከሉ ፕሮጀክቶች	\N	To Do	\N	{"በቁጥር": "38"}	{"በቁጥር": "100"}	{}	{"q1": 20, "q2": 30, "q3": 30, "q4": 20}	0	0.5	f	2025-10-13 07:18:24.412899+03	2025-11-12 21:47:20.079687+03
155	33	\N	6	ሙለ ለሙለ ለተጠናቀቁ ሕንፃዎች የተሰጠ መጠቀሚያ ፍቃድ የመንግስት አገልግሎት መስጫ ተቋማትን ጨምሮ	\N	To Do	\N	{"በቁጥር": "6"}	{"በቁጥር": "15"}	{}	{"q1": 3, "q2": 5, "q3": 4, "q4": 3}	0	1	f	2025-10-13 07:19:15.99596+03	2025-11-12 21:48:08.080836+03
156	33	\N	7	ክትትልና ቁጥጥር የተደረገባቸዉ ግንባታ ፕሮጀክቶች ሽፋን ማሳደግ	\N	To Do	\N	{"በመቶኛ": "0"}	{"በመቶኛ": "100"}	{}	{"q1": 28, "q2": 43, "q3": 43, "q4": 28}	0	0.5	f	2025-10-13 07:19:38.773331+03	2025-11-12 21:48:33.587047+03
157	34	\N	1	ለቀረቡ የመረጃ ጥያቄዎች የተሰጡ ምላሾች	\N	To Do	\N	{"በመቶኛ": "70"}	{"በመቶኛ": "100"}	{}	{"q4": 100}	0	0.75	f	2025-10-13 07:20:31.695958+03	2025-11-12 21:49:07.318105+03
159	35	\N	1	ዲጅታላይዝ የተደረገ የመረጃ ቋት	\N	To Do	\N	{"በመቶኛ": "38"}	{"በመቶኛ": "100"}	{}	{"q4": 100}	0	0.5	f	2025-10-13 07:21:59.203209+03	2025-11-12 21:50:07.870464+03
160	35	\N	2	በኤላክትሮኒክስ ተደራሽ የሆነ አገልግሎት	\N	To Do	\N	{"በመቶኛ": "0"}	{"በመቶኛ": "50"}	{}	{"q2": 25, "q4": 25}	0	0.5	f	2025-10-13 07:22:23.714222+03	2025-11-12 21:50:25.180837+03
163	36	\N	3	በገጠር የልማት ማዕከላት ደረጃቸውን ጠብቀው የተገነቡ ቤቶች	\N	To Do	\N	{"በቁጥር": "0"}	{"በቁጥር": "90"}	{}	{"q2": 45, "q3": 45}	0	0.25	f	2025-10-13 07:24:10.192894+03	2025-11-12 22:08:38.068322+03
164	36	\N	4	በዘመናዊ መረጃ ስርዓት የመንግስት ቤት መረጃ መያዝ	\N	To Do	\N	{"በቁጥር": "465"}	{"በቁጥር": "1000"}	{}	{"q1": 200, "q2": 300, "q3": 300, "q4": 200}	0	0.25	f	2025-10-13 07:24:37.532313+03	2025-11-12 22:09:24.805497+03
168	36	\N	8	ከ100/0 ቤቶች ቀሪ ክፍያ የሚሰበሰብ ገቢ (በግሉ ዘርፍ ለሚገነቡ ቤቶች አንዲቀርብ ማድረግ)	\N	To Do	\N	{"በብር": "20393867"}	{"በብር": "20000000"}	{}	{"q1": 4000000, "q2": 6000000, "q3": 6000000, "q4": 4000000}	0	0.25	f	2025-10-13 07:28:48.291873+03	2025-11-12 22:14:27.627684+03
166	36	\N	6	በመንግስት አስተባባሪነት ለሚገነቡ ቤቶች 50 ሚሊዮን ብር አንዲቀርብ ማድረግ	\N	To Do	\N	{"በሚሊዮን ብር": ""}	{"በሚሊዮን ብር": "50"}	{}	{"q1": 10, "q2": 15, "q3": 15, "q4": 10}	0	0.25	f	2025-10-13 07:25:28.86415+03	2025-11-12 22:11:07.395593+03
167	36	\N	7	በመንግስት አስተባባሪነት የተገነቡ ቤቶች እንዲተላለፉ ማድረግ	\N	To Do	\N	{"none/ባዶ/busha": "0"}	{"none/ባዶ/busha": "6"}	{}	{"q2": 6}	0	0.25	f	2025-10-13 07:26:38.737526+03	2025-11-12 22:12:45.230906+03
169	36	\N	9	ከመምህራን ቤት ወርሃዊ ክፍያ የሚሰበሰበ ገቢ	\N	To Do	\N	{"በብር": "1750000"}	{"በብር": "1750000"}	{}	{"q1": 437500, "q2": 437500, "q3": 437500, "q4": 40}	0	0.25	f	2025-10-13 08:47:49.899293+03	2025-11-12 22:17:01.497367+03
170	36	\N	10	የአፓርታማ ቤት ግንባታ የሚሰበሰብ ገንዘብ	\N	To Do	\N	{"በብር": "0"}	{"በብር": "30000000"}	{}	{"q1": 6000000, "q2": 9000000, "q3": 9000000, "q4": 4000000}	0	0.25	f	2025-10-13 08:49:14.157206+03	2025-11-12 22:20:04.386946+03
172	36	\N	12	በግለሰቦች የቤት ልማት አቅርቦት ፕሮግራም ቤቶች እንዲገነቡ ማድረግ	\N	To Do	\N	{"በቁጥር": "498"}	{"በቁጥር": "1200"}	{}	{"q1": 240, "q2": 360, "q3": 360, "q4": 240}	0	0.25	f	2025-10-13 08:52:13.800947+03	2025-11-12 22:20:47.352539+03
173	36	\N	13	በሪል ስቴት የቤት ልማት አቅርቦት ፕሮግራም 50 ቤቶች መገንባት	\N	To Do	\N	{"በቁጥር": "0"}	{"በቁጥር": "50"}	{}	{"q1": 10, "q2": 15, "q3": 15, "q4": 10}	0	0.25	f	2025-10-13 08:52:42.965634+03	2025-11-12 22:21:20.350313+03
175	36	\N	15	በመልሶ ማልማት ቤቶች እንዲገነቡ ማድረግ	\N	To Do	\N	{"በቁጥር": "0"}	{"በቁጥር": "230"}	{}	{"q1": 46, "q2": 50, "q3": 80, "q4": 54}	0	0.25	f	2025-10-13 08:53:51.34042+03	2025-11-12 22:22:22.416941+03
176	36	\N	16	በማሻሻያ (በእድሳት) ልማት ደረጃቸው እንዲሻሻል ማድረግ	\N	To Do	\N	{"በቁጥር": ""}	{"በቁጥር": "300"}	{}	{"q1": 250, "q4": 50}	0	0.25	f	2025-10-13 08:54:21.699058+03	2025-11-12 22:22:47.298696+03
177	37	\N	1	የፕሮጀክት ሙሉ ዲዛይኖች ማዘጋጀት	\N	To Do	\N	{"በቁጥር": "8"}	{"በቁጥር": "12"}	{}	{"q1": 6, "q2": 6}	0	1	f	2025-10-13 08:55:31.814033+03	2025-11-12 22:23:16.077848+03
187	38	\N	6	ርክክብ የሚደረጉ ፕሮጀክቶች	\N	To Do	\N	{}	{"በቁጥር": "15"}	{}	{}	0	0.5	f	2025-10-13 09:04:57.160865+03	2025-10-13 09:04:57.160865+03
5	6	\N	1	ወቅቱንና ጥራቱን የጠበቀ ዕቅድ ማዘጋጅት	\N	To Do	\N	{"በቁጥር": "3"}	{"በቁጥር": "5"}	{}	{"q1": 2, "q2": 1, "q3": 2}	0	0.5	f	2025-10-13 00:01:57.796106+03	2025-11-11 15:12:19.381208+03
20	8	\N	7	ወቅቱን እና ጥራቱን የጠበቀ የኦዲት ሪፖርት	\N	To Do	\N	{"በሰነድ": "4"}	{"በሰነድ": "4"}	{}	{"q1": 1, "q2": 1, "q3": 1, "q4": 1}	0	0.04	f	2025-10-13 00:34:34.58016+03	2025-11-11 15:36:01.480599+03
33	10	\N	3	መረጃዎችን በተለያዩ የተግባቦት ዘዴዎች ተደራሽ ማድረግ	\N	To Do	\N	{"በመቶኛ": "100"}	{"በመቶኛ": "100"}	{}	{"q1": 100, "q2": 100, "q3": 100, "q4": 100}	0	0.5	f	2025-10-13 00:43:47.064961+03	2025-11-11 15:45:33.589642+03
45	13	\N	3	ሥልጠና ያገኙ ሴት ሰራተኞች ድርሻ ማሳደግ	\N	To Do	\N	{"በመቶኛ": "80"}	{"በመቶኛ": "100"}	{}	{"q1": 85, "q2": 90, "q3": 95, "q4": 100}	0	0.25	f	2025-10-13 00:57:43.590798+03	2025-11-11 15:54:00.168475+03
178	37	\N	2	የፕሮጀክት BOQ እና ነጠላ ዋጋ ግምት ማዘጋጃት	\N	To Do	\N	{"በቁጥር": ""}	{"በቁጥር": "10"}	{}	{"q1": 2, "q2": 3, "q3": 3, "q4": 2}	0	0.5	f	2025-10-13 08:55:56.17943+03	2025-11-12 22:23:38.56312+03
180	37	\N	4	ለመኖ/ህ/ስ/ማህበራት እና ለገጠር ቤቶች ልማት   ስታንዳርድ ዲዛይኖች ማዘጋጀት	\N	To Do	\N	{"ለከተማ በማህበራት የተዘጋጀ ዲዛይን በቁጥር": "0"}	{"ለከተማ በማህበራት የተዘጋጀ ዲዛይን በቁጥር": "1"}	{}	{"q2": 1}	0	0.25	f	2025-10-13 08:57:05.386604+03	2025-11-12 22:26:19.789977+03
181	37	\N	5	ለመኖ/ህ/ስ/ማህበራት እና ለገጠር ቤቶች ልማት   ስታንዳርድ ዲዛይኖች ማዘጋጀት	\N	To Do	\N	{"ለገጠር ቤቶች የተዘጋጀ ዲዛይን በቁጥር": "0"}	{"ለገጠር ቤቶች የተዘጋጀ ዲዛይን በቁጥር": "1"}	{}	{"q2": 1}	0	0.25	f	2025-10-13 08:58:00.96911+03	2025-11-12 22:26:59.690669+03
185	38	\N	5	በተያዘላቸዉ ጊዜ፣ በጀትና ጥራት የሚጠናቀቁ ፕሮጀክቶች ብዛት	\N	To Do	\N	{}	{"በቁጥር": "12"}	{}	{}	0	1	f	2025-10-13 09:01:58.046427+03	2025-11-12 22:37:05.923299+03
182	38	\N	2	የተጠናቀቀ የጨረታ ሒደት	\N	To Do	\N	{"በቁጥር": "7"}	{"በቁጥር": "9"}	{}	{"q1": 4, "q2": 5}	0	1	f	2025-10-13 08:59:59.882577+03	2025-11-12 22:37:38.418971+03
184	38	\N	4	ክትትልና ቁጥጥር የሚደረግባቸው ፕሮጀክቶች	\N	To Do	\N	{}	{"በቁጥር": "22"}	{}	{}	0	1	f	2025-10-13 09:01:05.706179+03	2025-11-12 22:37:15.926339+03
183	38	\N	3	በጨረታ ሰነድ መሰረት የሚታሰሩ ውሎች	\N	To Do	\N	{"በቁጥር": "7"}	{"በቁጥር": "9"}	{}	{"q1": 9}	0	0.5	f	2025-10-13 09:00:32.909825+03	2025-11-12 22:37:29.751103+03
188	39	\N	1	በመኖሪያ ቤቶች ቆጠራ (Inventory) ወቅት የተገኙ ግኝቶችን መፍትሄ መስጠት	\N	To Do	\N	{"በቁጥር": "3"}	{"በቁጥር": "3"}	{}	{"q1": 2, "q2": 1}	0	1	f	2025-10-27 06:55:45.246543+03	2025-11-12 22:48:47.005092+03
189	39	\N	2	ኤጀንሲው የሚያስተዳድራቸውን ኮንዶምኒየም ቤቶች አመታዊ ቆጠራ ማድረግ	\N	To Do	\N	{"በቁጥር": ""}	{"በቁጥር": "166"}	{}	{"q1": 66, "q2": 100}	0	0.75	f	2025-10-27 06:56:46.976513+03	2025-11-12 22:49:24.422975+03
190	39	\N	3	ኤጀንሲው የሚያስተዳድራቸውን ንግድ ቤቶች አመታዊ ቆጠራ ማድረግ	\N	To Do	\N	{"በቁጥር": ""}	{"በቁጥር": "343"}	{}	{"q2": 280, "q3": 63}	0	0.75	f	2025-10-27 06:57:33.526824+03	2025-11-12 22:50:03.504639+03
192	39	\N	5	ነባር መመሪያን አሻሽሎ ለቦርድ በማቅረብ ማስወሰን	\N	To Do	\N	{"በሰነድ": ""}	{"በሰነድ": "1"}	{}	{"q1": 1}	0	0.75	f	2025-10-27 06:58:40.763939+03	2025-11-12 22:51:51.799827+03
193	39	\N	6	ተከራይ ደንበኛ አዲስ የተሻሻለውን ውል እንዲሞሉ ማድረግ	\N	To Do	\N	{"በቁጥር": ""}	{"በቁጥር": "1283"}	{}	{"q1": 1000, "q2": 283}	0	0.75	f	2025-10-27 06:59:41.593974+03	2025-11-12 22:53:05.742435+03
194	39	\N	7	በይዞታዎቻችን ላይ ሊፈጸሙ የሚችሉትን ህገ-ወጥ ድርጊቶችን ክትትል ማድረግ	\N	To Do	\N	{"በወር": ""}	{"በወር": "12"}	{}	{"q1": 3, "q2": 3, "q3": 3, "q4": 3}	0	0.75	f	2025-10-27 07:00:13.078677+03	2025-11-12 22:53:43.911819+03
195	39	\N	8	ኤጃንሲው ከሚያስተዳድራቸው ቤቶች አመታዊ ገቢ መሰብሰብ	\N	To Do	\N	{"በብር": "14626326"}	{"በብር": "1874571500"}	{}	{"q1": 3749143, "q2": 5623714, "q3": 5623714, "q4": 2749143}	0	1	f	2025-10-27 07:02:38.59653+03	2025-11-12 22:55:22.34703+03
196	39	\N	9	ሁለት የክፍያ አማራጭ ስርዓትን በመዘርጋት አሰራርን ማዘመን	\N	To Do	\N	{"በክፍያ አማራጭ ብዛት": ""}	{"በክፍያ አማራጭ ብዛት": "2"}	{}	{"q2": 1, "q3": 1}	0	0.4	f	2025-10-27 07:03:25.06928+03	2025-11-12 22:55:52.026029+03
198	40	\N	1	ከባለሀብቶች ጋር በመጣመር በኤጀንሲው ይዞታ ላይ ቅይጥ አገልግሎት የሚሰጡ ህንፃዎችን መገንባት	\N	To Do	\N	{"በቁጥር": ""}	{"በቁጥር": "3"}	{}	{"q4": 3}	0	0.5	f	2025-10-27 07:06:39.325377+03	2025-11-12 22:57:37.957493+03
199	40	\N	2	በኤጀንሲው ይዞታ ላይ B+G+4 የጋራ መኖሪያ ኮንዶሚኒየም ህንጻ መገንባት	\N	To Do	\N	{"በቁጥር": ""}	{"በቁጥር": "1"}	{}	{"q4": 1}	0	0.5	f	2025-10-27 07:07:30.771127+03	2025-11-12 22:57:53.481488+03
200	40	\N	3	መኖሪያ ቤቶችን ለተከራይ ደንበኞች በሽያጭ ለማስተላለፍ የተሰራውን ጥናት ለቦርድ አቅርቦ ማፀደቅ	\N	To Do	\N	{"በሰነድ": ""}	{"በሰነድ": "1"}	{}	{"q1": 1}	0	0.25	f	2025-10-27 07:08:15.39037+03	2025-11-12 22:58:55.350486+03
201	40	\N	4	የቀድሞ ሲቪል ሰርቪስ ቢሮ ምድር ላይ ያሉትን አራት የፅ/ቤት ክፍሎችን ወደ ንግድ ቤት መቀየር	\N	To Do	\N	{"በቁጥር": "0"}	{"በቁጥር": "4"}	{}	{"q2": 4}	0	0.25	f	2025-10-27 07:09:00.747005+03	2025-11-12 22:59:20.71196+03
202	40	\N	5	ለወሳኝ ኩነት ቢሮ አጥርና ቢሮ መገንባት	\N	To Do	\N	{"በቁጥር": ""}	{"በቁጥር": "1"}	{}	{"q1": 1}	0	0.5	f	2025-10-27 07:10:09.522633+03	2025-11-12 22:59:48.183998+03
203	40	\N	6	ለምናስተዳድራቸው ቤቶች ጥገና እና እድሳት ማድረግ	\N	To Do	\N	{"በቁጥር": "20"}	{"በቁጥር": "20"}	{}	{"q1": 3, "q2": 7, "q3": 7, "q4": 3}	0	0.5	f	2025-10-27 07:11:10.382417+03	2025-11-12 23:00:13.030106+03
6	6	\N	2	ወቅቱንና ጥራቱን የጠበቀ ሪፖርት ማዘጋጀት	2 የተቀነሰው የሐምሌ እና ነሀሴ ካፒታል ፕሮጀክት ሪፖርት ስለሌለ ነው የ2017 ፊዚካል እና ፋይናንሺያል አፈጻጸማችንን ሰኔ ላይ አጠናቀን አስገብተናል ፋይናንሺያል ግሬስ ፔሬድ ላይ የነበረው በሰኔ ነው የሚያዘው 10 በየዉ ካፒታል ፕሮጀክት እና 4 መደበኛ ሪፖርት	To Do	\N	{"በሰነድ": "10"}	{"በሰነድ": "14"}	{}	{"q1": 2, "q2": 4, "q3": 4, "q4": 4}	0	0.5	f	2025-10-13 00:11:01.479628+03	2025-11-11 15:12:51.548642+03
24	8	\N	11	አመታዊ የቋሚ ንብረት መግለጫ (አስ) ማዘጋጀት	\N	To Do	\N	{"በሰነድ": "1"}	{"በሰነድ": "1"}	{}	{"q1": 1}	0	0.25	f	2025-10-13 00:37:44.654486+03	2025-11-11 15:38:50.277004+03
38	11	\N	5	የተቋሙን/የቢሮዉን እና የወረዳን አፈጻጸም በየሩብ ዓመቱ በጋራ መገምገም	\N	To Do	\N	{"በቁጥር": "3"}	{"በቁጥር": "4"}	{}	{"q1": 1, "q2": 1, "q3": 1, "q4": 1}	0	0.1	f	2025-10-13 00:47:19.684299+03	2025-11-11 15:49:44.377757+03
49	14	\N	3	የአረንጓዴ አሻራ ተግባራትን ክብካቤ የተደረገለት ችግኝ	\N	To Do	\N	{"በቁጥር": "1000"}	{"በቁጥር": "1602"}	{}	{"q1": 1602, "q2": 1522, "q3": 1446, "q4": 1361}	0	0.15	f	2025-10-13 05:45:10.93995+03	2025-11-11 15:59:34.575254+03
57	14	\N	11	ወላጆቻቸውን ያጡ ህፃናትን መደገፍ በገንዘብ\t0.2\t\t20,000\t20,000	\N	To Do	\N	{"በብር": "20000"}	{"በብር": "20000"}	{}	{"q3": 20000}	0	0.02	f	2025-10-13 06:00:56.693034+03	2025-11-11 16:09:02.814799+03
68	16	\N	1	ገጠር ከገጠር እና ገጠር ከከተማ የትስስር ጥናት ማዘጋጀት	\N	To Do	\N	{"በሰነድ": "0"}	{"በሰነድ": "2"}	{}	{"q2": 1, "q4": 1}	0	0.5	f	2025-10-13 06:17:10.196197+03	2025-11-11 16:22:32.988146+03
76	17	\N	4	የቅርስ ጥበቃ ፕላን ትግበራ ላይ ክትትልና ቁጥጥር ማድረግ	\N	To Do	\N	{"በሰነድ": "2"}	{"በሰነድ": "2"}	{}	{"q2": 1, "q4": 1}	0	0.5	f	2025-10-13 06:21:04.377334+03	2025-11-11 16:28:30.669607+03
90	20	\N	3	መሬት ባንክ ገቢ ማድረግ	\N	To Do	\N	{"በሄክታር": "41"}	{"በሄክታር": "50"}	{}	{"q1": 10, "q2": 15, "q3": 15, "q4": 10}	0	0.75	f	2025-10-13 06:29:43.256245+03	2025-11-11 16:39:02.499016+03
96	21	\N	5	አስተዳደራዊ አገልግሎት የተላለፈ መሬት	\N	To Do	\N	{"በሄክታር": "6"}	{"በሄክታር": "4"}	{}	{"q1": 0.2, "q2": 0.3, "q3": 0.3, "q4": 0.2}	0	0.75	f	2025-10-13 06:33:09.188212+03	2025-11-11 16:43:56.39455+03
102	22	\N	2	የመሬት ህገወጥ ይዞታዎችን ማስለቀቅ	\N	To Do	\N	{"በሄክታር": ""}	{"በሄክታር": "1"}	{}	{"q1": 0.25, "q2": 0.25, "q3": 0.25, "q4": 0.25}	0	0.25	f	2025-10-13 06:36:11.257031+03	2025-11-11 16:49:51.328289+03
110	24	\N	2	ካደስተር ምዝገባዉ ተደራሽ ማድረግ	\N	To Do	\N	{"በቁጥር": "7600"}	{"በቁጥር": "15000"}	{}	{"q1": 2500, "q2": 3750, "q3": 3750, "q4": 2500}	0	0.75	f	2025-10-13 06:43:29.910991+03	2025-11-11 17:03:23.642741+03
114	25	\N	4	ከመብት ፈጣሪ ተቋም (መሬት ልማት ማኔጅመንት) የተደራጁ የይዞታ ፋይሎችን በደንቡ መሰረት መረከብ	\N	To Do	\N	{"በተረከበ ፋይል ቁጥር": "7640"}	{"በተረከበ ፋይል ቁጥር": "15000"}	{}	{"q1": 3000, "q2": 4500, "q3": 4500, "q4": 3000}	0	0.5	f	2025-10-13 06:46:51.232712+03	2025-11-11 17:06:35.249926+03
122	26	\N	4	የመሬት ይዞታ ማህደሮች ከኦርቶፎቶ/ከካዳስተር መሰረታዊ ካርታ ጋር በቁራሽ መሬት ልዩ ኮድ እንዲተሳሰሩ ማድረግ	\N	To Do	\N	{"በይዞታ ቁጥር": ""}	{"በይዞታ ቁጥር": "15000"}	{}	{"q1": 3000, "q2": 4500, "q3": 4500, "q4": 3000}	0	0.25	f	2025-10-13 06:51:44.855428+03	2025-11-11 17:13:21.412638+03
131	29	\N	1	በከተሞች ለንብረት ግመታ የከተማ ቦታ ደረጃ መመሪያ እና የከተማ ቦታና ቤት ግብር ደንብ ማሻሻል ፣	\N	To Do	\N	{"በሰነድ": "1"}	{"በሰነድ": "2"}	{}	{"q1": 1, "q2": 1}	0	0.5	f	2025-10-13 06:59:04.584181+03	2025-11-12 21:37:56.347325+03
145	31	\N	4	በክልሉ የነጠላ ግመታ መረጃ በማደራጀት (ለንብረት ዝውውር፤ ለካሳ እና ለባንክ እዳና እገዳ) አገልግሎት እንዲውል ማድረግ	\N	To Do	\N	{}	{"በሰነድ": "1"}	{}	{"q2": 1}	0	0.5	f	2025-10-13 07:08:32.255733+03	2025-11-12 21:43:49.385496+03
161	36	\N	1	ለመኖሪያ ቤት ግንባታ የሚሆን 10 ሄክታር የለማ መሬት እንዲዘጋጅ ማድረግ	\N	In Progress	\N	{"በሄክታር": "0"}	{"በሄክታር": "10"}	{"ahdg": "ukweh"}	{"q1": 6, "q2": 4}	0	0.5	f	2025-10-13 07:23:27.347002+03	2025-11-12 22:07:48.848367+03
162	36	\N	2	ለመኖሪያ ቤት ግንባታ የሚሆን የግንባታ ስምምነት ፍቃድ እንዲያገኙ ማድረግ	\N	To Do	\N	{"በቁጥር": "0"}	{"በቁጥር": "12"}	{}	{"q1": 6, "q2": 4, "q3": 2}	0	0.5	f	2025-10-13 07:23:50.494187+03	2025-11-12 22:08:12.439186+03
171	36	\N	11	በመኖሪያ ቤት ህብረት ሥራ ማኀበራት የቤት ልማት አቅርቦት ፕሮግራም ቤቶች እንዲገነቡ ማድረግ	\N	To Do	\N	{"በቁጥር": "0"}	{"በቁጥር": "120"}	{}	{"q2": 24, "q3": 56, "q4": 40}	0	0.25	f	2025-10-13 08:51:44.475418+03	2025-11-12 22:19:07.10027+03
179	37	\N	3	ባለቤት መስሪያ ቤቶች የፕሮጀክቶቻቸውን ዲዛይን እንዲያጸድቁ ተዘጋጅቶ የተላከላቸው የፕሮጀክታቸው ዲዛይኖች	\N	To Do	\N	{"በቁጥር": "5"}	{"በቁጥር": "9"}	{}	{"q1": 6, "q2": 3}	0	0.5	f	2025-10-13 08:56:31.381858+03	2025-11-12 22:25:14.794716+03
206	38	\N	18	በፕሮጀክቶች ግንባታ ቋሚና የሥራ ዕድል የሚፈጠርላቸው ሰዎች	\N	To Do	\N	{"በቁጥር": "3613"}	{"በቁጥር": "4000"}	{}	{"q1": 800, "q2": 1200, "q3": 1200, "q4": 800}	0	0.5	f	2025-11-12 22:39:14.307113+03	2025-11-12 22:39:14.307113+03
208	38	\N	20	በተያዘላቸዉ ጊዜ፣ በጀትና ጥራት የተጠናቀቁ ፕሮጀክቶች ሽፋን ማሳደግ	\N	To Do	\N	{"በመቶኛ": "80"}	{"በመቶኛ": "90"}	{}	{"q4": 90}	0	0.5	f	2025-11-12 22:40:48.767483+03	2025-11-12 22:40:48.767483+03
209	41	\N	21	የኮንስትራክሽን የላቦራቶሪ አገልግሎት መስጠት	\N	To Do	\N	{"በቁጥር": "63"}	{"በቁጥር": "100"}	{}	{"q1": 20, "q2": 30, "q3": 30, "q4": 20}	0	1	f	2025-11-12 22:42:31.444152+03	2025-11-12 22:42:31.444152+03
210	41	\N	22	ከተሰጡ የኮንስትራክሽን የላቦራቶሪ አገልግሎቶችን የተገኘ ገቢ	\N	To Do	\N	{"በብር": "0.8000000"}	{"በብር": "1000000"}	{}	{"q1": 200000, "q2": 300000, "q3": 300000, "q4": 200000}	0	1	f	2025-11-12 22:47:38.659512+03	2025-11-12 22:47:38.659512+03
191	39	\N	4	መኖሪያ ቤቶች፣ መንግስታዊና መንግታዊ ያልሆኑ ተቋም ኪራይ ተመን ማሻሻያ ጥናት አስወስኖ ወደ ትግበራ መግባት	\N	To Do	\N	{"በሰነድ": ""}	{"በሰነድ": "2"}	{}	{"q1": 1, "q2": 1}	0	0.75	f	2025-10-27 06:58:12.354831+03	2025-11-12 22:51:02.763251+03
158	34	\N	2	ግንባታ ነክ መረጃ ማደራጀት	\N	To Do	\N	{"በሰነድ": "2"}	{"በሰነድ": "1"}	{}	{"q4": 1}	0	0.75	f	2025-10-13 07:20:57.091063+03	2025-11-12 21:49:23.992872+03
165	36	\N	5	በመንግስት አስተባባሪነት በኪራይ ወይም በባለቤትነት (ዝቅተኛ ገቢ ላላቸው ህብረተሰብ ክፍሎች/አፓርታማ) ቤቶች እንዲገነቡ ማድረግ	\N	To Do	\N	{"በቁጥር": "0"}	{"በቁጥር": "200"}	{}	{"q1": 40, "q2": 60, "q3": 60, "q4": 40}	0	0.25	f	2025-10-13 07:24:56.32478+03	2025-11-12 22:09:53.716804+03
14	8	\N	1	የተመደበ በጀት በአግባቡ ሥራ ላይ ማዋል	\N	To Do	\N	{"በመቶኛ": "100"}	{"በመቶኛ": "100"}	{}	{"q1": 100, "q2": 100, "q3": 100, "q4": 100}	0	0.5	f	2025-10-13 00:28:22.480822+03	2025-11-11 15:39:46.862191+03
29	9	\N	3	በተቋሙ የሚሰጠ አገልግሎቶችን ኦቶሜት ማድረግ	\N	To Do	\N	{"በመቶኛ": "55"}	{"በመቶኛ": "80"}	{}	{"q1": 60, "q2": 65, "q3": 75, "q4": 80}	0	0.25	f	2025-10-13 00:40:53.620338+03	2025-11-11 15:42:43.269736+03
41	12	\N	3	በቴክኖሎጂ የተደገፈ መሰረታዊ አገልግሎትን በቅልጥፍና በመስጠት የደንበኞችን እርካታ ማሻሻል	\N	To Do	\N	{"በመቶኛ": "65"}	{"በመቶኛ": "75"}	{}	{"q4": 75}	0	0.5	f	2025-10-13 00:53:31.031902+03	2025-11-11 15:51:42.730087+03
53	14	\N	7	የአቅመ ደካማ ቤተሰብ ተማሪዎች ድጋፍ በገንዘብ	\N	To Do	\N	{"በብር": "165000"}	{"በብር": "400000"}	{}	{"q1": 100000, "q2": 100000, "q3": 100000, "q4": 100000}	0	0.15	f	2025-10-13 05:49:09.89982+03	2025-11-11 16:04:50.189687+03
62	15	\N	5	የፕላን ክፍሎችን፣ የማጠቃለያ ሰነዶችንና አሰራር ስታንደርዶችን ማሳተም	\N	To Do	\N	{"በሰነድ": "20"}	{"በሰነድ": "1"}	{}	{"q2": 1}	0	0.5	f	2025-10-13 06:13:44.555219+03	2025-11-11 16:18:10.200167+03
72	16	\N	5	የከተማ ፕላን ዝግጅትና ትግበራን ለማስፈፀም በተዘጋጁ ማኑዋሎች፣ ስታንዳርዶችና የአሰራር ስርአቶች ለባለሙያዎች (50% ሴቶች) ተግባር ተኮር የሆነ ስልጠና ይሰጣል፡፡	\N	To Do	\N	{"በሰልጣኝ በቁጥር": ""}	{"በሰልጣኝ በቁጥር": "20"}	{}	{"q2": 20}	0	0.5	f	2025-10-13 06:19:01.438362+03	2025-11-11 16:25:46.208803+03
78	17	\N	6	ባለድርሻ ተቋማት በመዋቅራዊ ፕላን ትግበራ የመልሶ ማልማት ፤የቤቶች ልማት፤የቅርስ ጥበቃና የመንገድ መረበብ የትግበራ ፕሮፖዛል በመለየት ከፕሮፖዛሎች አንፃር ስራቸውን ማከናወን በሚያስችል የስራ ትብብር ዙሪያ መግባቢያ ሰነድ መፈራረም	\N	To Do	\N	{"በሰነድ": "4"}	{"በሰነድ": "4"}	{}	{"q1": 4}	0	0.5	f	2025-10-13 06:21:57.101224+03	2025-11-11 16:29:28.386825+03
93	21	\N	2	ለመኖሪያ ቤት የተላለፈ መሬት	\N	To Do	\N	{"በሄክታር": "6.05"}	{"በሄክታር": "14"}	{}	{"q1": 2.8, "q2": 4.2, "q3": 4.2, "q4": 2.8}	0	0.75	f	2025-10-13 06:31:49.937113+03	2025-11-11 16:41:27.930484+03
98	21	\N	7	ለመንገድ፣ ትራንስፖርትና ዩቲሉቲ ልማት አገልግሎት የተላለፈ መሬት	\N	To Do	\N	{"በሄክታር": "6"}	{"በሄክታር": "6"}	{}	{"q1": 1.2, "q2": 1.8, "q3": 1.8, "q4": 1.2}	0	0.75	f	2025-10-13 06:34:00.428973+03	2025-11-11 16:45:21.775987+03
105	22	\N	5	በክልሉ 5,000 በቁራሽ መሬት (10 ሄክታር) ላይ የሚገኝ የመሬት ሀብታቸውን ቆጥረውና መዝግበው ወቅታዊ እንዲያደርጉና እንዲያስተዳድሩ ይደረጋል	\N	To Do	\N	{"በቁራሽ መሬት ብዛት": "5000"}	{"በቁራሽ መሬት ብዛት": "1000"}	{}	{"q1": 1000, "q2": 1500, "q3": 1500, "q4": 1000}	0	0.25	f	2025-10-13 06:38:03.636168+03	2025-11-11 16:55:43.960766+03
111	25	\N	1	የህጋዊ ካዳስተር ስርዓትን ለመተግበር የሚያስፈልጉ የሲስተም ፣ ማረጋገጥና ምዝገባ ግብአቶችን እንዲሟላ ስፔስፊኬሽን ሰነድ ማዘጋጀት	\N	To Do	\N	{"የስፔስፊኬሽን ሰነድ": "1"}	{"የስፔስፊኬሽን ሰነድ": "1"}	{}	{"q1": 1}	0	0.5	f	2025-10-13 06:44:56.524942+03	2025-11-11 17:04:18.761534+03
119	26	\N	1	በተመረጡ ቀጠናዎች ውስጥ ይዞታዎችን የወሰን ማካለል ስራ መስራት	\N	To Do	\N	{"በቁራሽ መሬት በቁጥር": "15000"}	{"በቁራሽ መሬት በቁጥር": "3000"}	{}	{"q1": 3000, "q2": 4500, "q3": 4500, "q4": 3000}	0	0.5	f	2025-10-13 06:49:36.429385+03	2025-11-11 17:10:27.662709+03
125	26	\N	7	ምዝገባ ለተደረገላቸው ይዞታዎች ለሚሰጡ አገልግሎቶች አገልግሎት አሰጣጡ ወጪና ጊዜ ቆጣቢ፣ ፈጣንና ተደራሽ እንዲሆን ክትትልና ድጋፍ ማድረግ	\N	To Do	\N	{"አገልግሎት ያገኙ ባለይዞታዎች በቁጥር": ""}	{"አገልግሎት ያገኙ ባለይዞታዎች በቁጥር": "6000"}	{}	{"q1": 1200, "q2": 1800, "q3": 1800, "q4": 1200}	0	0.25	f	2025-10-13 06:53:01.409408+03	2025-11-11 17:15:44.497132+03
140	30	\N	4	የተሰጠ የግንባታ ማራዘሚያ ፍቃድ	\N	To Do	\N	{"በቁጥር": "7"}	{"በቁጥር": "30"}	{}	{"q1": 7, "q2": 8, "q3": 8, "q4": 7}	0	0.5	f	2025-10-13 07:06:25.847443+03	2025-11-12 21:41:23.826922+03
142	31	\N	1	የተመዘገቡና ደረጃ የወጣላቸው የኮንስትራክሽን ፕሮጀክቶች	\N	To Do	\N	{"በቁጥር": "40"}	{"በቁጥር": "80"}	{}	{"q1": 16, "q2": 24, "q3": 24, "q4": 16}	0	0.5	f	2025-10-13 07:07:29.760392+03	2025-11-12 21:42:26.687394+03
143	31	\N	2	ለሥራ ተቋራጩች፣ለአማካሪዎች፣ባለሙያዎች፣መሳሪያ አከራዮችና ግብአት አምራቾች የተደረገ ምዝገባ ፍቃድ	\N	To Do	\N	{"በቁጥር": "52"}	{"በቁጥር": "100"}	{}	{"q1": 20, "q2": 30, "q3": 30, "q4": 20}	0	0.5	f	2025-10-13 07:07:52.057195+03	2025-11-12 21:42:49.02047+03
151	33	\N	2	የተሰጠ የግንባታ ግብአት ጥራት ማረጋገጫ ማስረጃ	\N	To Do	\N	{"በቁጥር": "50"}	{"በቁጥር": "154"}	{}	{"q1": 31, "q2": 46, "q3": 46, "q4": 31}	0	0.5	f	2025-10-13 07:17:37.083273+03	2025-11-12 21:46:26.365654+03
154	33	\N	5	በከፊል ለተጠናቀቁ ህንጻዎች የተሰጠ መጠቀሚያ ፍቃድ	\N	To Do	\N	{"በቁጥር": "13"}	{"በቁጥር": "30"}	{}	{"q1": 7, "q2": 8, "q3": 8, "q4": 7}	0	0.5	f	2025-10-13 07:18:51.207214+03	2025-11-12 21:47:47.209506+03
174	36	\N	14	በባለሀብቶች ቅይጥ ህንፃ የሚገነቡ ቤቶች (መረጃ ከከተማ ልማት የሚሰበሰብ)	\N	To Do	\N	{"በቁጥር": "0"}	{"በቁጥር": "50"}	{}	{"q1": 10, "q2": 15, "q3": 15, "q4": 10}	0	0.25	f	2025-10-13 08:53:08.656013+03	2025-11-12 22:21:47.273949+03
205	38	\N	1	የተዘጋጀ የጨረታ ሰነድ	\N	To Do	\N	{"በቁጥር": "7"}	{"በቁጥር": "9"}	{}	{"q1": 4, "q2": 5}	0	0.5	f	2025-11-12 22:31:17.164147+03	2025-11-12 22:36:07.653209+03
207	38	\N	19	በቤቶች ልማትና በመንግስት ኮንስትራክሽን ዙሪያ የሚደረጉ ጥናቶች	\N	To Do	\N	{"በሰነድ": "1"}	{"በሰነድ": "1"}	{}	{"q3": 1}	0	0.5	f	2025-11-12 22:40:08.489276+03	2025-11-12 22:40:08.489276+03
197	39	\N	10	ለቦርድ ቀርቦ የሚፀድቀውን የመኖሪያ ቤቶችን የሽያጭ ማስተላለፍ ጥናትን ተግባራዊ ማድረግ	\N	To Do	\N	{"በቁጥር": ""}	{"በቁጥር": "100"}	{}	{"q1": 30, "q2": 70}	0	0.01	f	2025-10-27 07:04:39.759674+03	2025-11-12 22:57:02.394028+03
204	40	\N	7	ለምናስተዳድራቸው ቤቶች የይዞታ ማረጋገጫ ካርታ እንዲኖራቸው ማድረግ	\N	To Do	\N	{"በቁጥር": "184"}	{"በቁጥር": "392"}	{}	{"q1": 80, "q2": 120, "q3": 120, "q4": 80}	0	0.5	f	2025-10-27 07:11:55.349347+03	2025-11-12 23:00:32.740988+03
211	11	\N	7	ለተጠሪ ተቋማት እና ለወረዳ ወቅታዊ የአቅም ግንባታ ድጋፍ መስጠት	\N	To Do	\N	{"በቁጥር": "2"}	{"በቁጥር": "2"}	{}	{"q2": 1, "q3": 1}	0	0.0999999998	f	2025-11-12 23:03:23.092067+03	2025-11-12 23:11:21.199801+03
\.


DO $$
DECLARE
    rec RECORD;
    t TEXT;
    c TEXT;
    seqname TEXT;
    seq_ident TEXT;
BEGIN
    -- Add Roles, Permissions, RolePermissions, Groups, Users, and SystemSettings to this list
    FOR rec IN SELECT * FROM (VALUES
        ('Roles','id'),
        ('Permissions','id'),
        ('RolePermissions','id'),
        ('Groups','id'),
        ('Users','id'),
        ('Goals','id'),
        ('Tasks','id'),
        ('Activities','id'),
        ('Goals','rollNo'),
        ('Tasks','rollNo'),
        ('Activities','rollNo')
    ) AS v(table_name, col_name)
    LOOP
        t := rec.table_name;
        c := rec.col_name;
        
        -- Get existing sequence
        seqname := pg_get_serial_sequence(format('public."%s"', t), c);
        
        IF seqname IS NOT NULL THEN
            -- Reset sequence to MAX(id)
            EXECUTE format(
                'SELECT setval(%L, COALESCE((SELECT MAX(%I) FROM public."%s"), 1))',
                seqname, c, t
            );
            RAISE NOTICE 'Reset existing sequence % for table %.', seqname, t;
        ELSE
            -- (Your existing logic for creating missing sequences handles the rest)
            -- ...
        END IF;
    END LOOP;
END;
$$ LANGUAGE plpgsql;