--
-- PostgreSQL database dump
--

--
-- Data for Name: Groups; Type: TABLE DATA; Schema: public; Owner: -
--

COPY public."Groups" (id, name, description, "profilePicture", "createdAt", "updatedAt") FROM stdin;
4	ሁሉም ዳይሬክቶሬት	\N	\N	2025-10-27 07:12:48.123755+03	2025-10-27 07:12:48.123755+03
5	የከተማ ፕላን ኢንስትዩት	\N	\N	2025-10-27 07:12:56.279867+03	2025-10-27 07:12:56.279867+03
6	የመሬት ይዞታ ምዝገባና መረጃ ኤጀንሲ	\N	\N	2025-10-27 07:13:27.299404+03	2025-10-27 07:13:27.299404+03
7	የግንባታ ፈቃድና ቁጥጥር ባለስልጣን	\N	\N	2025-10-27 07:13:36.773649+03	2025-10-27 07:13:36.773649+03
8	የቤቶች ልማትና የመንግስት ኮንስትራክሽን ኤጀንሲ	\N	\N	2025-10-27 07:13:50.292781+03	2025-10-27 07:13:50.292781+03
9	የመሬት ልማትና ማኔጅመንት	\N	\N	2025-10-27 07:14:23.785258+03	2025-10-27 07:14:23.785258+03
10	የመንግስት ኪራይ ቤቶች አስተዳደር	\N	\N	2025-10-27 07:14:40.237717+03	2025-10-27 07:14:40.237717+03
\.



--
-- Data for Name: Goals; Type: TABLE DATA; Schema: public; Owner: -
--


COPY public."Goals" (id, "rollNo", title, description, "groupId", "startDate", "endDate", status, progress, weight, "createdAt", "updatedAt") FROM stdin;
12	7	የመንግስት ቤቶችን ማስተዳደር እና ቤቶችን ማልማት	\N	10	\N	\N	Not Started	0	10	2025-10-27 06:49:26.877827+03	2025-10-27 07:16:46.063536+03
6	1	ተቋማዊ የማስፈጸም አቅም፣ የሀብት አጠቃቀም እና የአገልግሎት አሰጣጥ አሰራርን ማጎልበት	\N	4	\N	\N	Not Started	0	15	2025-10-12 23:58:39.118448+03	2025-10-27 07:15:02.562148+03
7	2	ክልላዊ ክትመትን በፕላን መምራት	\N	5	\N	\N	Not Started	0	17	2025-10-13 06:10:18.745342+03	2025-10-27 07:15:26.255373+03
8	3	ፍላጎትን መሰረት ያደረገ፣ ፍትሃዊ የመሬት ዝግጅትና አቅርቦትን ማረጋገጥ	\N	9	\N	\N	Not Started	0	15	2025-10-13 06:27:07.214522+03	2025-10-27 07:15:46.136815+03
9	4	የሐረር ከተማ የመሬት ይዞታ ማረጋገጥና ምዝገባ ሽፋንን በማሳደግ የአገልግሎት አሰጣጥ ስርዓትን መዘርጋትና ማዘመን	\N	6	\N	\N	Not Started	0	13	2025-10-13 06:43:49.841124+03	2025-10-27 07:16:00.032668+03
10	5	የህንፃን ደህንነትና አገልግሎት ሰጪነት ማረጋገጥ	\N	7	\N	\N	Not Started	0	15	2025-10-13 07:03:18.460378+03	2025-10-27 07:16:17.629514+03
11	6	በከተማና በገጠር የልማት ማዕከላት የቤት ልማት እንዲስፋፋና አስተዳደሩ እንዲዘምን ማድረግ እና የመንግስት ኮንስትራክሽን ሥራዎችን ማሻሻል	\N	8	\N	\N	Not Started	0	15	2025-10-13 07:22:39.626873+03	2025-10-27 07:16:32.20392+03
\.


--
-- Data for Name: Tasks; Type: TABLE DATA; Schema: public; Owner: -
--

COPY public."Tasks" (id, "goalId", "rollNo", title, description, status, "assigneeId", "dueDate", progress, weight, "createdAt", "updatedAt") FROM stdin;
39	12	1	የመንግስት ቤቶችን ማስተዳደር	\N	To Do	\N	\N	0	7	2025-10-27 06:50:18.231339+03	2025-10-27 07:04:57.505074+03
6	6	1	የዕቅድ ዝግጅት፣ የክትትልና ግምገማ እና የስታቲስቲክስ መረጃ አስተዳደር አሰራር ማሻሻል	\N	To Do	\N	\N	0	2	2025-10-12 23:59:55.871457+03	2025-10-27 06:48:37.771076+03
7	6	2	የሰው ሀብት ልማት እና አስተዳደር አሰራርና ውጤታማነት ማሳደግ	\N	To Do	\N	\N	0	2	2025-10-13 00:22:57.303025+03	2025-10-27 06:48:37.771076+03
8	6	3	የፋይናንስና ንብረት አስተዳደር አሰራርንና ውጤታማነትን ማሳደግ	\N	To Do	\N	\N	0	3	2025-10-13 00:27:31.525559+03	2025-10-27 06:48:37.771076+03
40	12	2	የመንግስት ቤቶችን ማደስ፤ ማልማት እና የቤቶች የይዞታ ማረጋገጫ እንዲኖራቸው ማድረግ	\N	To Do	\N	\N	0	3	2025-10-27 06:53:40.874536+03	2025-10-27 07:11:55.349347+03
9	6	4	የኢንፎርሜሽን፣ኮሙኒኬሽን እና ቴክኖልጂ አሰራርንና ውጤታማነትን ማሳደግ	\N	To Do	\N	\N	0	1	2025-10-13 00:39:19.649064+03	2025-10-27 06:48:37.771076+03
10	6	5	የአጋርነት እና የህዝብ ግንኙነት አሰራርንና ውጤታማነትን ማሳደግ	\N	To Do	\N	\N	0	1	2025-10-13 00:41:50.301228+03	2025-10-27 06:48:37.771076+03
11	6	6	ለተጠሪ ተቋማት እና ለወረዳዎች ድጋፍና ክትትል ማድረግ	\N	To Do	\N	\N	0	1	2025-10-13 00:44:11.544165+03	2025-10-27 06:48:37.771076+03
12	6	7	የስነ ምግባርና ፀረ ሙስና የክትትል ሥራዎችን ማጠናከር	\N	To Do	\N	\N	0	1.5	2025-10-13 00:48:56.182669+03	2025-10-27 06:48:37.771076+03
13	6	8	የሴቶችና የአካል ጉዳተኞች ማሕበራዊ ተሳታፊነትንና ተጠቃሚነትን ማሳደግ	\N	To Do	\N	\N	0	1	2025-10-13 00:56:13.812381+03	2025-10-27 06:48:37.771076+03
14	6	9	የበጎ አድራጎት እና የማህበረሰብ አገልግሎት ሥራዎችን ማሳደግ	\N	To Do	\N	\N	0	2.5	2025-10-13 05:42:46.995781+03	2025-10-27 06:48:37.771076+03
15	7	1	የፕላን ዝግጅት ጥራትና ሽፋን ማሳደግ	\N	To Do	\N	\N	0	6	2025-10-13 06:11:05.285309+03	2025-10-27 06:48:37.771076+03
16	7	2	የከተማ ፕላን ጥናትና ምርምር ና ስልጠና ስራዎች	\N	To Do	\N	\N	0	2.25	2025-10-13 06:16:39.469035+03	2025-10-27 06:48:37.771076+03
17	7	3	የከተማ ፕላን ትግበራ ክትትልና ቁጥጥር ማሳደግ	\N	To Do	\N	\N	0	5	2025-10-13 06:19:22.246774+03	2025-10-27 06:48:37.771076+03
19	7	5	የከተማ ፕላን ክዋኔ ኦዲት ጥራትና ሽፋን ማሳደግ	\N	To Do	\N	\N	0	2.5	2025-10-13 06:25:48.767478+03	2025-10-27 06:48:37.771076+03
18	7	4	ለገጠር ልማት ማዕከላት የተዘጋጁ ስኬች ፕላኖችን ማስተግበር	\N	To Do	\N	\N	0	1.25	2025-10-13 06:23:44.627089+03	2025-10-27 06:48:37.771076+03
20	8	1	ለተለያዩ አገልግሎቶች የሚዉል መሬት ማዘጋጀት	\N	To Do	\N	\N	0	2.25	2025-10-13 06:27:30.745393+03	2025-10-27 06:48:37.771076+03
21	8	2	ለተለያዩ አገልግሎቶች መሬት ማስተላለፍ	\N	To Do	\N	\N	0	6.75	2025-10-13 06:30:49.012725+03	2025-10-27 06:48:37.771076+03
22	8	3	ይዞታን መመስረት	\N	To Do	\N	\N	0	1.5	2025-10-13 06:35:07.271133+03	2025-10-27 06:48:37.771076+03
23	8	4	ከመሬትና ከመሬት ነክ ቋሚ ንብረት የሚሰበሰብ ገቢን ማሳደግ	\N	To Do	\N	\N	0	3	2025-10-13 06:39:39.214343+03	2025-10-27 06:48:37.771076+03
24	8	5	የይዞታ ማህደራትን ማደራጀት፣ መጠበቅና ለተገልጋይ ተደራሽ ማድረግ	\N	To Do	\N	\N	0	1.5	2025-10-13 06:42:10.444696+03	2025-10-27 06:48:37.771076+03
25	9	1	ለይዞታ ማረጋገጥና ምዘገባ ስራ ቅድመ ስራዎችን ማጠናቀቅ	\N	To Do	\N	\N	0	3	2025-10-13 06:44:22.646086+03	2025-10-27 06:48:37.771076+03
26	9	2	በተመረጡ ሰፈሮች ውስጥ ይዞታዎችን የማረጋገጥ ስራ ይሰራል	\N	To Do	\N	\N	0	4	2025-10-13 06:48:55.509244+03	2025-10-27 06:48:37.771076+03
27	9	3	በተመረጡ ሰፈሮች ውስጥ የሚገኙ መሬት ይዞታችን የምዝገባ ስራ ይሰራል	\N	To Do	\N	\N	0	2	2025-10-13 06:53:16.714058+03	2025-10-27 06:48:37.771076+03
28	9	4	የመሬት ይዞታ ማረጋገጥና ምዝገባ አገልግሎት የመስጠት ስራ ይሰራል፡፡	\N	To Do	\N	\N	0	2	2025-10-13 06:55:35.708577+03	2025-10-27 06:48:37.771076+03
29	9	5	በከተሞች ለንብረት ግመታ የከተማ ቦታ ደረጃ እንዲሻሻል ስራ ይሰራል፡፡	\N	To Do	\N	\N	0	2	2025-10-13 06:58:12.837801+03	2025-10-27 06:48:37.771076+03
30	10	1	የሕንፃ ሕግጋትና የከተማ ፕላንን መሠረት ያደረገ የግንባታ ፍቃድ አሰጣጥን ማሳደግ	\N	To Do	\N	\N	0	4	2025-10-13 07:03:46.184965+03	2025-10-27 06:48:37.771076+03
31	10	2	በዘመናዊ ቴክኖሎጂ የተደራጀ የመረጃ፤የሕግ እና የአሰራርን ማሳደግ	\N	To Do	\N	\N	0	3	2025-10-13 07:07:01.851273+03	2025-10-27 06:48:37.771076+03
32	10	3	የውጭ ማስታወቂያ ፍቃድ አገልግሎትን ማሻሻል	\N	To Do	\N	\N	0	1.5	2025-10-13 07:12:27.116532+03	2025-10-27 06:48:37.771076+03
33	10	4	የግንባታ ክትትልና ቁጥጥር ሥራ በማከናወን ጥራትና ደህንነትን ማረጋገጥ	\N	To Do	\N	\N	0	4	2025-10-13 07:13:48.722051+03	2025-10-27 06:48:37.771076+03
34	10	5	የመረጃ እና የሕግ አሰራርን ማሳደግ	\N	To Do	\N	\N	0	1.5	2025-10-13 07:19:59.243853+03	2025-10-27 06:48:37.771076+03
35	10	6	በዘመናዊ ቴክኖሎጂ የተደራጀ አሰራርን ማሳደግ	\N	To Do	\N	\N	0	1	2025-10-13 07:21:14.174914+03	2025-10-27 06:48:37.771076+03
37	11	2	የዲዛይንና ዝግጅትን በጥራትና በወቅቱ ማከናወን	\N	To Do	\N	\N	0	2.5	2025-10-13 08:54:52.844328+03	2025-10-27 06:48:37.771076+03
38	11	3	የግንባታ ጨረታና ዉለታ አስተዳደርን ማሻሻል	\N	To Do	\N	\N	0	6	2025-10-13 08:58:35.87468+03	2025-10-27 06:48:37.771076+03
36	11	1	የቤቶች ልማትና አስተዳደር ስራዎችን ማሻሻል	\N	To Do	\N	\N	0	4.5	2025-10-13 07:23:01.627278+03	2025-10-27 06:48:37.771076+03
\.


--
-- Data for Name: Activities; Type: TABLE DATA; Schema: public; Owner: -
--

COPY public."Activities" (id, "taskId", "parentId", "rollNo", title, description, status, "dueDate", "previousMetric", "targetMetric", "currentMetric", progress, weight, "isDone", "createdAt", "updatedAt") FROM stdin;
32	10	\N	2	ለተቋም አቅም ግንባታ በሀገር ዉስጥ አጋርነት የተገኘ ድጋፍ ለመሰብሰብ፤	\N	To Do	\N	{}	{"በብር": "100,000"}	{}	0	0.25	f	2025-10-13 00:43:18.082278+03	2025-10-13 00:43:18.082278+03
33	10	\N	3	መረጃዎችን በተለያዩ የተግባቦት ዘዴዎች ተደራሽ ማድረግ	\N	To Do	\N	{}	{"በመቶኛ": "100"}	{}	0	0.5	f	2025-10-13 00:43:47.064961+03	2025-10-13 00:43:47.064961+03
34	11	\N	1	የተጠሪ ተቋማት ዕቅድን ከዘርፍ ዕቅድ ጋር ማናበብና ማጣጣም	\N	To Do	\N	{}	{"በሰነድ": "6"}	{}	0	0.2	f	2025-10-13 00:44:42.764786+03	2025-10-13 00:44:42.764786+03
36	11	\N	3	የቢሮዉን/ተቋሙን ዕቅድ ከክልሉ ዕቅድ ጋር ማናበብና ማጣጣም	\N	To Do	\N	{}	{"በሰነድ": "1"}	{}	0	0.2	f	2025-10-13 00:45:37.160057+03	2025-10-13 00:45:37.160057+03
35	11	\N	2	የየሩብ ዓመት የተጠሪ ተቋማት ሪፖርት መገምገም	\N	To Do	\N	{}	{"በቁጥር": "4"}	{}	0	0.2	f	2025-10-13 00:45:09.364258+03	2025-10-13 00:46:21.495969+03
5	6	\N	1	ወቅቱንና ጥራቱን የጠበቀ ዕቅድ ማዘጋጅት	\N	To Do	\N	{}	{"በቁጥር": "5"}	{}	0	0.5	f	2025-10-13 00:01:57.796106+03	2025-10-13 00:13:22.975886+03
6	6	\N	2	ወቅቱንና ጥራቱን የጠበቀ ሪፖርት ማዘጋጀት	2 የተቀነሰው የሐምሌ እና ነሀሴ ካፒታል ፕሮጀክት ሪፖርት ስለሌለ ነው የ2017 ፊዚካል እና ፋይናንሺያል አፈጻጸማችንን ሰኔ ላይ አጠናቀን አስገብተናል ፋይናንሺያል ግሬስ ፔሬድ ላይ የነበረው በሰኔ ነው የሚያዘው 10 በየዉ ካፒታል ፕሮጀክት እና 4 መደበኛ ሪፖርት	To Do	\N	{}	{"በሰነድ": "14"}	{}	0	0.5	f	2025-10-13 00:11:01.479628+03	2025-10-13 00:14:09.224728+03
7	6	\N	3	ወቅቱንና ጥራቱን የጠበቀ ግምገማ ማድረግ	\N	To Do	\N	{}	{"በሰነድ": "6"}	{}	0	0.5	f	2025-10-13 00:15:22.612515+03	2025-10-13 00:15:22.612515+03
8	6	\N	4	የዘርፉን መረጃ አያያዝ በቴክኖሎጂ በመደገፍ ማደራጀት	\N	To Do	\N	{}	{"በመቶኛ": "100"}	{}	0	0.5	f	2025-10-13 00:21:40.706275+03	2025-10-13 00:21:40.706275+03
9	7	\N	1	ግልጽነት የሰፈነበት የሰው ኃይል ስምሪት ማካሄድ	\N	To Do	\N	{}	{"በመቶኛ": "100"}	{}	0	0.5	f	2025-10-13 00:23:46.356153+03	2025-10-13 00:23:46.356153+03
10	7	\N	2	ለአመራር እና ለሰራተኞች የሚሰጡ ሥልጠናዎችን ማሳደግ	\N	To Do	\N	{}	{"በቁጥር": "200"}	{}	0	0.5	f	2025-10-13 00:24:53.479878+03	2025-10-13 00:24:53.479878+03
11	7	\N	3	የውስጥ የማበረታቻ ስርዓት መዘርጋት	\N	To Do	\N	{}	{"በጊዜ": "1"}	{}	0	0.5	f	2025-10-13 00:25:25.932184+03	2025-10-13 00:25:25.932184+03
12	7	\N	4	የሰራተኛ ዕርካታን ማሳደግ	\N	To Do	\N	{}	{"በመቶኛ": "60"}	{}	0	0.25	f	2025-10-13 00:26:14.654697+03	2025-10-13 00:26:14.654697+03
13	7	\N	5	የሰራተኛ ፍልሰትን መቀነስ	\N	To Do	\N	{}	{"በመቶኛ": "0"}	{}	0	0.25	f	2025-10-13 00:26:59.30462+03	2025-10-13 00:26:59.30462+03
14	8	\N	1	የተመደበ በጀት በአግባቡ ሥራ ላይ ማዋል	\N	To Do	\N	{}	{"በመቶኛ": "100"}	{}	0	0.5	f	2025-10-13 00:28:22.480822+03	2025-10-13 00:28:22.480822+03
15	8	\N	2	ወቅቱን እና ጥራቱን የጠበቀ የሂሳብ ሪፖርት	\N	To Do	\N	{}	{"በሰነድ": "12"}	{}	0	0.06	f	2025-10-13 00:29:07.564884+03	2025-10-13 00:29:07.564884+03
16	8	\N	3	በIBEX የተመዘገበ የበጀት ኮንትሮል ሪፖርት	\N	To Do	\N	{}	{"በሰነድ": "1"}	{}	0	0.03	f	2025-10-13 00:29:43.059829+03	2025-10-13 00:29:43.059829+03
17	8	\N	4	ተዘጋጅቶ የጸደቀ የተቋሙ የግዥ እቅድ	\N	To Do	\N	{}	{"በሰነድ": "1"}	{}	0	0.04	f	2025-10-13 00:30:17.083908+03	2025-10-13 00:30:17.083908+03
19	8	\N	6	የተፈጸመ የግልጽ ጨረታ ግዢ ድርሻ	\N	To Do	\N	{}	{"በመቶኛ": "87"}	{}	0	0.04	f	2025-10-13 00:32:02.835341+03	2025-10-13 00:32:02.835341+03
18	8	\N	5	በግዢ እቅዱ መሰረት የተዘጋጀ ሪፖርት	\N	To Do	\N	{}	{"በሰነድ": "2"}	{}	0	0.04	f	2025-10-13 00:31:10.749305+03	2025-10-13 00:33:06.385354+03
20	8	\N	7	ወቅቱን እና ጥራቱን የጠበቀ የኦዲት ሪፖርት	\N	To Do	\N	{}	{"በሰነድ": "4"}	{}	0	0.04	f	2025-10-13 00:34:34.58016+03	2025-10-13 00:34:34.58016+03
21	8	\N	8	ነቀፌታ ያለበትን የኦዲት ግኝት መቀነስ	\N	To Do	\N	{}	{"በቁጥር": "0"}	{}	0	0.5	f	2025-10-13 00:35:16.843094+03	2025-10-13 00:35:16.843094+03
22	8	\N	9	ነቀፌታ ያለበትን የኦዲት ግኝት መቀነስ	\N	To Do	\N	{}	{"በብር": "0"}	{}	0	0.25	f	2025-10-13 00:36:09.665603+03	2025-10-13 00:36:09.665603+03
23	8	\N	10	አጠቃላይ ቆጠራ ተደርጎ፣ ዋጋ ተሰጥቶት፣ ተመዝግቦ መለያ ምልክት የተለጠፈበት ቋሚ ንብረት	\N	To Do	\N	{}	{"በመቶኛ": "100"}	{}	0	0.5	f	2025-10-13 00:36:48.014762+03	2025-10-13 00:36:48.014762+03
24	8	\N	11	አመታዊ የቋሚ ንብረት መግለጫ (አስ) ማዘጋጀት	\N	To Do	\N	{}	{"በሰነድ": "1"}	{}	0	0.25	f	2025-10-13 00:37:44.654486+03	2025-10-13 00:37:44.654486+03
25	8	\N	12	የቋሚ ንብረት ጥገናና ዕድሳት ስኬጁል ማዘጋጀት	\N	To Do	\N	{}	{"በሰነድ": "1"}	{}	0	0.5	f	2025-10-13 00:38:30.053737+03	2025-10-13 00:38:30.053737+03
26	8	\N	13	በፕሮግራሙ መሰረት ጥገና የተደረገላቸዉ ቋሚ ንብረቶች	\N	To Do	\N	{}	{"በቁጥር": "10"}	{}	0	0.25	f	2025-10-13 00:38:53.371746+03	2025-10-13 00:38:53.371746+03
27	9	\N	1	መረጃ ቋት ማደራጀት	\N	To Do	\N	{}	{"በመቶኛ": "100"}	{}	0	0.25	f	2025-10-13 00:39:56.873144+03	2025-10-13 00:39:56.873144+03
28	9	\N	2	በተቋሙ ወረቀት አልባ አሰራርን መተግበር	\N	To Do	\N	{}	{"በመቶኛ": "80"}	{}	0	0.25	f	2025-10-13 00:40:24.524577+03	2025-10-13 00:40:24.524577+03
29	9	\N	3	በተቋሙ የሚሰጠ አገልግሎቶችን ኦቶሜት ማድረግ	\N	To Do	\N	{}	{"በመቶኛ": "80"}	{}	0	0.25	f	2025-10-13 00:40:53.620338+03	2025-10-13 00:40:53.620338+03
30	9	\N	4	የተሻሻለና ደህንነቱ የተረጋገጠ የኢኮቴ አጠቃቀም	\N	To Do	\N	{}	{"በመቶኛ": "100"}	{}	0	0.25	f	2025-10-13 00:41:19.299746+03	2025-10-13 00:41:19.299746+03
31	10	\N	1	ለተቋም አቅም ግንባታ በክልል ውስጥ አጋርነት የተገኘ ድጋፍ	\N	To Do	\N	{}	{"በብር": "1,000,000"}	{}	0	0.25	f	2025-10-13 00:42:45.939962+03	2025-10-13 00:42:45.939962+03
37	11	\N	4	የተቋሙን/የቢሮዉን ዕቅድ ለወረዳ ማዉረድ	\N	To Do	\N	{}	{"በሰነድ": "9"}	{}	0	0.2	f	2025-10-13 00:46:50.195655+03	2025-10-13 00:46:50.195655+03
38	11	\N	5	የተቋሙን/የቢሮዉን እና የወረዳን አፈጻጸም በየሩብ ዓመቱ በጋራ መገምገም	\N	To Do	\N	{}	{"በቁጥር": "4"}	{}	0	0.1	f	2025-10-13 00:47:19.684299+03	2025-10-13 00:47:19.684299+03
39	12	\N	1	በብልሹ አሰራር ዙርያ ጥቆማ ከተደረገባቸው ውስጥ ማስተካከያ የተደረገባቸው	\N	To Do	\N	{}	{"በመቶኛ": "100"}	{}	0	0.25	f	2025-10-13 00:49:40.867687+03	2025-10-13 00:49:40.867687+03
40	12	\N	2	ለብልሹ አሰራር የተጋለጡ አሰራሮች በጥናት በመለየት የማሻሻያ ሀሳብ ማቅረብ	\N	To Do	\N	{}	{"በቁጥር": "1"}	{}	0	0.5	f	2025-10-13 00:50:05.9066+03	2025-10-13 00:50:05.9066+03
41	12	\N	3	በቴክኖሎጂ የተደገፈ መሰረታዊ አገልግሎትን በቅልጥፍና በመስጠት የደንበኞችን እርካታ ማሻሻል	\N	To Do	\N	{}	{"በመቶኛ": "75"}	{}	0	0.5	f	2025-10-13 00:53:31.031902+03	2025-10-13 00:54:03.554595+03
42	12	\N	4	የሀብት ምዝገባ ያካሄዱ አመራሮች እና ባለሞያዎች ድርሻ ማሳደግ	\N	To Do	\N	{}	{"በቁጥር": "100"}	{}	0	0.25	f	2025-10-13 00:54:31.928663+03	2025-10-13 00:54:31.928663+03
43	13	\N	1	የህጻናት ማቆያ አገልግሎት ተጠቃሚ ሰራተኞች ብዛት ማሳደግ	\N	To Do	\N	{}	{"በቁጥር": "10"}	{}	0	0.25	f	2025-10-13 00:56:49.859766+03	2025-10-13 00:56:49.859766+03
44	13	\N	2	ወደ አመራር የመጡ ሴት ሰራተኞች ብዛት ማሳደግ	\N	To Do	\N	{}	{"በመቶኛ": "50"}	{}	0	0.25	f	2025-10-13 00:57:17.692331+03	2025-10-13 00:57:17.692331+03
45	13	\N	3	ሥልጠና ያገኙ ሴት ሰራተኞች ድርሻ ማሳደግ	\N	To Do	\N	{}	{"በመቶኛ": "100"}	{}	0	0.25	f	2025-10-13 00:57:43.590798+03	2025-10-13 00:57:43.590798+03
46	13	\N	4	ለአካል ጉዳተኛ ሰራተኞችና ተገልጋዮች ምቹ የስራ ሁኔታና ቦታ መፍጠር	\N	To Do	\N	{}	{"በመቶኛ": "100"}	{}	0	0.25	f	2025-10-13 00:58:13.18853+03	2025-10-13 00:58:13.18853+03
47	14	\N	1	የአረንጓዴ አሻራ ተግባራትን ማካሄድ የቀረበ ችግኝ	\N	To Do	\N	{}	{"በቁጥር": "1602"}	{}	0	0.2	f	2025-10-13 05:44:09.471406+03	2025-10-13 05:44:09.471406+03
48	14	\N	2	የአረንጓዴ አሻራ ተግባራትን ማካሄድ የተተከለ ችግኝ	\N	To Do	\N	{}	{"በቁጥር": "1602"}	{}	0	0.15	f	2025-10-13 05:44:39.657945+03	2025-10-13 05:44:39.657945+03
49	14	\N	3	የአረንጓዴ አሻራ ተግባራትን ክብካቤ የተደረገለት ችግኝ	\N	To Do	\N	{}	{"በቁጥር": "1602"}	{}	0	0.15	f	2025-10-13 05:45:10.93995+03	2025-10-13 05:45:10.93995+03
51	14	\N	5	የአቅመ ደካማ ማህበረሰቦች የመኖሪያ ቤቶች መገንባት (ማደስ) ብዛት	\N	To Do	\N	{}	{"በቁጥር": "4"}	{}	0	0.15	f	2025-10-13 05:46:39.000246+03	2025-10-13 05:46:39.000246+03
52	14	\N	6	የአቅመ ደካማ ማህበረሰቦች የመኖሪያ ቤቶች መገንባት (ማደስ) በብር\t0.15\tበብር\t3ሚ	\N	To Do	\N	{}	{"በብር": "1.5ሚ"}	{}	0	0.15	f	2025-10-13 05:47:59.237539+03	2025-10-13 05:47:59.237539+03
53	14	\N	7	የአቅመ ደካማ ቤተሰብ ተማሪዎች ድጋፍ በገንዘብ	\N	To Do	\N	{}	{"በብር": "400ሺ"}	{}	0	0.15	f	2025-10-13 05:49:09.89982+03	2025-10-13 05:49:09.89982+03
50	14	\N	4	የአረንጓዴ አሻራ ተግባራትን ማካሄድ የጸደቀ ችግኝ	\N	To Do	\N	{}	{"በቁጥር": "1361"}	{}	0	0.15	f	2025-10-13 05:46:07.934083+03	2025-10-13 05:50:46.408947+03
54	14	\N	8	ለተለያዩ ማህበራዊ ቀውሶች የተደረገ ድጋፍ	\N	To Do	\N	{}	{"በብር": "400ሺ"}	{}	0	0.5	f	2025-10-13 05:50:21.673807+03	2025-10-13 05:51:10.203157+03
55	14	\N	9	የተደረገ ደም ልገሳ	\N	To Do	\N	{}	{"ዩኒት": "30"}	{}	0	0.5	f	2025-10-13 05:51:55.892954+03	2025-10-13 05:51:55.892954+03
56	14	\N	10	ወላጆቻቸውን ያጡ ህፃናትን መደገፍ ብዛት በቁጥር	\N	To Do	\N	{}	{"በቁጥር": "10"}	{}	0	0.2	f	2025-10-13 05:52:18.989475+03	2025-10-13 05:52:33.153797+03
57	14	\N	11	ወላጆቻቸውን ያጡ ህፃናትን መደገፍ በገንዘብ\t0.2\t\t20,000\t20,000	\N	To Do	\N	{}	{"በብር": "20,000"}	{}	0	0.02	f	2025-10-13 06:00:56.693034+03	2025-10-13 06:00:56.693034+03
58	15	\N	1	12 ነባር የአካባቢ ልማት ፕላን ዝግጅት ስራዎችን እንዲፀድቁ ለማድረግ የክትትል ሥራ መስራት	\N	To Do	\N	{}	{"በሰነድ": "12"}	{}	0	0.5	f	2025-10-13 06:11:50.814165+03	2025-10-13 06:11:50.814165+03
59	15	\N	2	የሰፈር ልማት ፕላኖችን በአማካሪ ድርጅት ማዘጋጀት	\N	To Do	\N	{}	{"በቁጥር": "4"}	{}	0	0.5	f	2025-10-13 06:12:26.789997+03	2025-10-13 06:12:26.789997+03
60	15	\N	3	ለሰፈር ልማት ፕላን ዝግጅት የሚሆኑ 4 መሰረታዊ ካርታዎች ማዘጋጀት	\N	To Do	\N	{}	{"በቁጥር": "4"}	{}	0	0.5	f	2025-10-13 06:12:52.172431+03	2025-10-13 06:12:52.172431+03
61	15	\N	4	2 በመልሶ ማልማት የከተማ ዲዛይን በተመረጡ የከተማው እንብርት ቦታዎች በራስ አገዝ እንዲሰሩ ማድረግ	\N	To Do	\N	{}	{"በሰነድ": "2"}	{}	0	1	f	2025-10-13 06:13:20.427293+03	2025-10-13 06:13:20.427293+03
62	15	\N	5	የፕላን ክፍሎችን፣ የማጠቃለያ ሰነዶችንና አሰራር ስታንደርዶችን ማሳተም	\N	To Do	\N	{}	{"በሰነድ": "1"}	{}	0	0.5	f	2025-10-13 06:13:44.555219+03	2025-10-13 06:13:44.555219+03
63	15	\N	6	አንድ ቤዚክ ፕላን ለገጠር ጥንስስ ከተማ ማዘጋጀት በራስ አገዝ ማዘጋጀት	\N	To Do	\N	{}	{"በሰነድ": "1"}	{}	0	1	f	2025-10-13 06:14:07.004779+03	2025-10-13 06:14:07.004779+03
64	15	\N	7	በዩን ሃቢታት አየተዘጋጀ ያለው ክልላዊ ሰፓሻል ፕላንን የተረከብነውን በክልል ምክር ቤት እንዲፀድቅ ክትትል ማድረግ	\N	To Do	\N	{}	{"በሰነድ": "1"}	{}	0	0.5	f	2025-10-13 06:14:56.397143+03	2025-10-13 06:14:56.397143+03
65	15	\N	8	በፕላን የሚመሩ የገጠር ማዕከላት ሽፋን ማሳደግ	\N	To Do	\N	{}	{"በመቶኛ": "80"}	{}	0	0.5	f	2025-10-13 06:15:25.101286+03	2025-10-13 06:15:25.101286+03
66	15	\N	9	በፕላን የሚመሩ ከተሞች ሽፋን ማሳደግ	\N	To Do	\N	{}	{"በመቶኛ": "80"}	{}	0	0.5	f	2025-10-13 06:15:49.214401+03	2025-10-13 06:15:49.214401+03
67	15	\N	10	የሰፈር ልማት ፕላኖች ሽፋን ማሳደግ	\N	To Do	\N	{}	{"በመቶኛ": "55"}	{}	0	0.5	f	2025-10-13 06:16:16.845141+03	2025-10-13 06:16:16.845141+03
68	16	\N	1	ገጠር ከገጠር እና ገጠር ከከተማ የትስስር ጥናት ማዘጋጀት	\N	To Do	\N	{}	{"በሰነድ": "2"}	{}	0	0.5	f	2025-10-13 06:17:10.196197+03	2025-10-13 06:17:10.196197+03
69	16	\N	2	የገጠር ኮሪደር ልማት የሚዘጋጅላቸው የገጠር ዕድገት ማእከላት ስኬች ፕላን ጥናቶችን ማዘጋጀት	\N	To Do	\N	{}	{"በሰነድ": "6"}	{}	0	0.5	f	2025-10-13 06:17:36.115513+03	2025-10-13 06:17:36.115513+03
70	16	\N	3	በተዘጋጁ ስኬች ፕላን ጥናት ላይ ለሚመለከታቸው ባለድርሻ አካለት የግንዛቤ መፍጠሪያ መድረክ ማዘጋጀት	\N	To Do	\N	{}	{"በመድረክ": "2"}	{}	0	0.25	f	2025-10-13 06:18:01.511188+03	2025-10-13 06:18:01.511188+03
71	16	\N	4	ከተሞች ወደ Smart city ትግበራ እንዲገቡ ይደረጋል የጥናትና የዝግጅት ምዕራፍ ሥራዎች መስራት	\N	To Do	\N	{}	{"በሰነድ": "1"}	{}	0	0.5	f	2025-10-13 06:18:27.658258+03	2025-10-13 06:18:27.658258+03
72	16	\N	5	የከተማ ፕላን ዝግጅትና ትግበራን ለማስፈፀም በተዘጋጁ ማኑዋሎች፣ ስታንዳርዶችና የአሰራር ስርአቶች ለባለሙያዎች (50% ሴቶች) ተግባር ተኮር የሆነ ስልጠና ይሰጣል፡፡	\N	To Do	\N	{}	{"በሰልጣኝ በቁጥር": "20"}	{}	0	0.5	f	2025-10-13 06:19:01.438362+03	2025-10-13 06:19:01.438362+03
73	17	\N	1	የስፓሻል ፕላን ትግበራ ላይ ክትትልና ቁጥጥር ማድረግ	\N	To Do	\N	{}	{"በሰነድ": "1"}	{}	0	0.5	f	2025-10-13 06:19:58.133631+03	2025-10-13 06:19:58.133631+03
74	17	\N	2	የአረንጓዴ ልማት ፕላን ትግበራ ላይ ክትትልና ቁጥጥር ማድረግ	\N	To Do	\N	{}	{"በሰነድ": "2"}	{}	0	0.5	f	2025-10-13 06:20:21.870427+03	2025-10-13 06:20:21.870427+03
75	17	\N	3	የማህበረ ኢኮኖሚ ፕላን ትግበራ ላይ ክትትልና ቁጥጥር ማድረግ	\N	To Do	\N	{}	{"በሰነድ": "1"}	{}	0	0.5	f	2025-10-13 06:20:43.589269+03	2025-10-13 06:20:43.589269+03
76	17	\N	4	የቅርስ ጥበቃ ፕላን ትግበራ ላይ ክትትልና ቁጥጥር ማድረግ	\N	To Do	\N	{}	{"በሰነድ": "2"}	{}	0	0.5	f	2025-10-13 06:21:04.377334+03	2025-10-13 06:21:04.377334+03
77	17	\N	5	የመሬት ሽንሻኖ ፕላን ትግበራ ላይ ክትትልና ቁጥጥር ማድረግ	\N	To Do	\N	{}	{"በሰነድ": "2"}	{}	0	0.5	f	2025-10-13 06:21:26.326124+03	2025-10-13 06:21:26.326124+03
78	17	\N	6	ባለድርሻ ተቋማት በመዋቅራዊ ፕላን ትግበራ የመልሶ ማልማት ፤የቤቶች ልማት፤የቅርስ ጥበቃና የመንገድ መረበብ የትግበራ ፕሮፖዛል በመለየት ከፕሮፖዛሎች አንፃር ስራቸውን ማከናወን በሚያስችል የስራ ትብብር ዙሪያ መግባቢያ ሰነድ መፈራረም	\N	To Do	\N	{}	{"በሰነድ": "4"}	{}	0	0.5	f	2025-10-13 06:21:57.101224+03	2025-10-13 06:21:57.101224+03
82	18	\N	1	የማስተግበሪያ ሰነድ ማዘጋጀት	\N	To Do	\N	{}	{"በሰነድ": "1"}	{}	0	0.25	f	2025-10-13 06:24:14.540299+03	2025-10-13 06:24:14.540299+03
79	17	\N	7	ለሚፀድቁት ሰፈር ልማት ፕላን ትግበራ ላይ ክትትልና ቁጥጥር ማድረግ	\N	To Do	\N	{}	{"በሰነድ": "2"}	{}	0	0.5	f	2025-10-13 06:22:29.450113+03	2025-10-13 06:22:29.450113+03
80	17	\N	8	የኤረርና ድሬጠያራ ከተሞች ፕላን ክትትልና ድጋፍ ማድረግ	\N	To Do	\N	{}	{"በሰነድ": "1"}	{}	0	0.75	f	2025-10-13 06:22:58.175695+03	2025-10-13 06:22:58.175695+03
81	17	\N	9	የከተማ ፕላን ትግበራ ክትትልና ቁጥጥር ሽፋን ማሳደግ	\N	To Do	\N	{}	{"በመቶኛ": "100"}	{}	0	0.75	f	2025-10-13 06:23:26.07747+03	2025-10-13 06:23:26.07747+03
85	18	\N	4	ወረዳዎቹንና የልማት ማዕከላቱን የባለሞያ ድጋፍ መስጠት	\N	To Do	\N	{}	{"በቁጥር": "3"}	{}	0	0.25	f	2025-10-13 06:25:34.288224+03	2025-10-13 06:25:34.288224+03
86	19	\N	1	የከተማ ፕላን ክዋኔ ኦዲት አመታዊ መርሃ ግብር ማዘጋጀት	\N	To Do	\N	{}	{"በሰነድ": "1"}	{}	0	1	f	2025-10-13 06:26:20.9003+03	2025-10-13 06:26:20.9003+03
87	19	\N	2	የከተማ ፕላን ትግበራ ክዋኔ ኦዲት ማካሄድ	\N	To Do	\N	{}	{"በሰነድ": "1"}	{}	0	1.5	f	2025-10-13 06:26:47.774379+03	2025-10-13 06:26:47.774379+03
83	18	\N	2	የተዘጋጁ ፕላኖችንና የማስፈጸሚያ ዕቅዶቹ ላይ ስልጠና መስጠት	\N	To Do	\N	{}	{"በመድረክ": "2"}	{}	0	0.5	f	2025-10-13 06:24:44.128024+03	2025-10-13 06:24:44.128024+03
84	18	\N	3	በሚመለከታቸዉ አካላት እንዲፀድቅ ክትትል ማድረግ	\N	To Do	\N	{}	{"በሰነድ": "1"}	{}	0	0.25	f	2025-10-13 06:25:10.36608+03	2025-10-13 06:25:10.36608+03
88	20	\N	1	የመሬት ፍላጎትንና መቸት መለየት	\N	To Do	\N	{}	{"ሰነድ": "1"}	{}	0	0.5	f	2025-10-13 06:28:08.395653+03	2025-10-13 06:28:08.395653+03
89	20	\N	2	የመሬት ማዘጋጀት	\N	To Do	\N	{}	{"በሄክታር": "50"}	{}	0	0.75	f	2025-10-13 06:29:00.344499+03	2025-10-13 06:29:00.344499+03
90	20	\N	3	መሬት ባንክ ገቢ ማድረግ	\N	To Do	\N	{}	{"በሄክታር": "50"}	{}	0	0.75	f	2025-10-13 06:29:43.256245+03	2025-10-13 06:29:43.256245+03
91	20	\N	4	ለተሻሻለው የካሳ አዋጅ ቁጥር 1336/2016 ማስፈጸሚያ ክልላዊ መመርያ እንዲዘጋጅ ይደረጋል	\N	To Do	\N	{}	{"በሰነድ": "1"}	{}	0	0.25	f	2025-10-13 06:30:15.143022+03	2025-10-13 06:30:15.143022+03
92	21	\N	1	መሬት ለልማት ማስተላለፍ	\N	To Do	\N	{}	{"በሄክታር": "50"}	{}	0	0.75	f	2025-10-13 06:31:24.862011+03	2025-10-13 06:31:24.862011+03
93	21	\N	2	ለመኖሪያ ቤት የተላለፈ መሬት	\N	To Do	\N	{}	{"በሄክታር": "14"}	{}	0	0.75	f	2025-10-13 06:31:49.937113+03	2025-10-13 06:31:49.937113+03
94	21	\N	3	ለንግድ አገልግሎት የተላለፈ መሬት	\N	To Do	\N	{}	{"በሄክታር": "5"}	{}	0	0.75	f	2025-10-13 06:32:15.173445+03	2025-10-13 06:32:15.173445+03
95	21	\N	4	ለማህበራዊ አገልግሎት የተላለፈ መሬት	\N	To Do	\N	{}	{"በሄክታር": "9"}	{}	0	0.75	f	2025-10-13 06:32:45.283017+03	2025-10-13 06:32:45.283017+03
96	21	\N	5	አስተዳደራዊ አገልግሎት የተላለፈ መሬት	\N	To Do	\N	{}	{"በሄክታር": "4"}	{}	0	0.75	f	2025-10-13 06:33:09.188212+03	2025-10-13 06:33:09.188212+03
97	21	\N	6	ለኢንዱስትሪ አገልግሎት የተላለፈ መሬት	\N	To Do	\N	{}	{"በሄክታር": "6"}	{}	0	0.75	f	2025-10-13 06:33:33.810003+03	2025-10-13 06:33:33.810003+03
98	21	\N	7	ለመንገድ፣ ትራንስፖርትና ዩቲሉቲ ልማት አገልግሎት የተላለፈ መሬት	\N	To Do	\N	{}	{"በሄክታር": "6"}	{}	0	0.75	f	2025-10-13 06:34:00.428973+03	2025-10-13 06:34:00.428973+03
99	21	\N	8	ለከተማ ግብርና አገልግለሎት የተላለፈ መሬት	\N	To Do	\N	{}	{"በሄክታር": "2"}	{}	0	0.75	f	2025-10-13 06:34:24.479137+03	2025-10-13 06:34:24.479137+03
100	21	\N	9	ለአረንጓዴ፣ ለመዝናኛና አከባቢ ጥበቃ የተላለፈ/የተጠበቀ መሬት	\N	To Do	\N	{}	{"በሄክታር": "4"}	{}	0	0.75	f	2025-10-13 06:34:53.129156+03	2025-10-13 06:34:53.129156+03
101	22	\N	1	አዲስ ይዞታ ማረጋገጫ ማስረጃ መስጠት	\N	To Do	\N	{}	{"በቁጥር": "8,000"}	{}	0	0.25	f	2025-10-13 06:35:42.59349+03	2025-10-13 06:35:42.59349+03
102	22	\N	2	የመሬት ህገወጥ ይዞታዎችን ማስለቀቅ	\N	To Do	\N	{}	{"በሄክታር": "1"}	{}	0	0.25	f	2025-10-13 06:36:11.257031+03	2025-10-13 06:36:11.257031+03
103	22	\N	3	ለሰነድ አልባ ይዞታዎች እና የመንግስት ተቋም (የቀበሌ እና ኪራይ ቤት) ሰነድ መስጠት	\N	To Do	\N	{}	{"በቁጥር": "4,500"}	{}	0	0.25	f	2025-10-13 06:36:37.990075+03	2025-10-13 06:36:37.990075+03
104	22	\N	4	የመሬት ይዞታን ማሻሻል	\N	To Do	\N	{}	{"በቁጥር": "1,000"}	{}	0	0.25	f	2025-10-13 06:37:14.680871+03	2025-10-13 06:37:14.680871+03
105	22	\N	5	በክልሉ 5,000 በቁራሽ መሬት (10 ሄክታር) ላይ የሚገኝ የመሬት ሀብታቸውን ቆጥረውና መዝግበው ወቅታዊ እንዲያደርጉና እንዲያስተዳድሩ ይደረጋል	\N	To Do	\N	{}	{"በቁራሽ መሬት ብዛት": "5,000"}	{}	0	0.25	f	2025-10-13 06:38:03.636168+03	2025-10-13 06:38:03.636168+03
106	22	\N	6	በክልሉ 5,000 በቁራሽ መሬት (10 ሄክታር) ላይ የሚገኝ የመሬት ሀብታቸውን ቆጥረውና መዝግበው ወቅታዊ እንዲያደርጉና እንዲያስተዳድሩ ይደረጋል	\N	To Do	\N	{}	{"በሄክታር": "10"}	{}	0	0.25	f	2025-10-13 06:39:14.463306+03	2025-10-13 06:39:14.463306+03
107	23	\N	1	ከመሬት ነክ ቋሚ ንብረት ገቢን ማሰባሰብ	\N	To Do	\N	{}	{"በብር": "500,000,000"}	{}	0	1.5	f	2025-10-13 06:40:21.902482+03	2025-10-13 06:40:21.902482+03
118	25	\N	8	ከባለድረሻ አካላት ጋር MOU መፈራረም	\N	To Do	\N	{}	{"የተዘጋጀ ሰነድ": "13"}	{}	0	0.25	f	2025-10-13 06:48:43.115638+03	2025-10-13 06:48:43.115638+03
108	23	\N	2	ለልማት ተነሺዎች ካሳ መክፈል	\N	To Do	\N	{}	{"በብር": "200,000,000"}	{}	0	1.5	f	2025-10-13 06:40:47.299541+03	2025-10-13 06:41:31.02066+03
109	24	\N	1	የመሬት ይዞታ ማህደራትን ማደራጀት	\N	To Do	\N	{}	{"በቁጥር": "12,500"}	{}	0	0.75	f	2025-10-13 06:42:58.275036+03	2025-10-13 06:42:58.275036+03
110	24	\N	2	ካደስተር ምዝገባዉ ተደራሽ ማድረግ	\N	To Do	\N	{}	{"በቁጥር": "15,000"}	{}	0	0.75	f	2025-10-13 06:43:29.910991+03	2025-10-13 06:43:29.910991+03
111	25	\N	1	የህጋዊ ካዳስተር ስርዓትን ለመተግበር የሚያስፈልጉ የሲስተም ፣ ማረጋገጥና ምዝገባ ግብአቶችን እንዲሟላ ስፔስፊኬሽን ሰነድ ማዘጋጀት	\N	To Do	\N	{}	{"የስፔስፊኬሽን ሰነድ": "1"}	{}	0	0.5	f	2025-10-13 06:44:56.524942+03	2025-10-13 06:44:56.524942+03
112	25	\N	2	ቅሬታ ሰሚ ጉባኤ ማደራጀትና ታዛቢ ኮሚቴ ማዋቀር	\N	To Do	\N	{}	{"በቀጠና ብዛት": "4"}	{}	0	0.5	f	2025-10-13 06:45:29.066127+03	2025-10-13 06:45:29.066127+03
113	25	\N	3	ለተመረጡ ቅሬታ ሰሚ ጉባኤ እና ታዛቢ ኮሚቴ አባላት ማበረታቻ ክፍያ መመሪያ ማዘጋጀት	\N	To Do	\N	{}	{"በሰነድ": "1"}	{}	0	0.25	f	2025-10-13 06:46:10.418919+03	2025-10-13 06:46:10.418919+03
114	25	\N	4	ከመብት ፈጣሪ ተቋም (መሬት ልማት ማኔጅመንት) የተደራጁ የይዞታ ፋይሎችን በደንቡ መሰረት መረከብ	\N	To Do	\N	{}	{"በተረከበ ፋይል ቁጥር": "15,000"}	{}	0	0.5	f	2025-10-13 06:46:51.232712+03	2025-10-13 06:46:51.232712+03
115	25	\N	5	ሕጋዊ ካዳስተር ለመተግበር ለፈጻሚዎችንና አስፈጻሚ አካላት የግንዛቤ ማስጨበጫ ስልጠና መስጠት	\N	To Do	\N	{}	{"በመድረክ": "3"}	{}	0	0.25	f	2025-10-13 06:47:14.801325+03	2025-10-13 06:47:14.801325+03
116	25	\N	6	የከተማ መሬት ምዝገባ ፕሮግራም ለማስፈጸም የሚያስችል ለህብረተሰብ ግንዛቤ ማስጨበጫ መስጠት	\N	To Do	\N	{}	{"በመድረክ": "4"}	{}	0	0.25	f	2025-10-13 06:47:38.38125+03	2025-10-13 06:47:38.38125+03
117	25	\N	7	ኦርቶፎቶ በመጠቀም ለመሬት ይዞታ ማረጋገጫ ማከናወኛ ካርታና ኢንዴክስ ማፕ ማዘጋጀት	\N	To Do	\N	{}	{"በቁራሽ መሬት በቁጥር": "15,000"}	{}	0	0.5	f	2025-10-13 06:48:01.719463+03	2025-10-13 06:48:18.688488+03
119	26	\N	1	በተመረጡ ቀጠናዎች ውስጥ ይዞታዎችን የወሰን ማካለል ስራ መስራት	\N	To Do	\N	{}	{"በቁራሽ መሬት በቁጥር": "15,000"}	{}	0	0.5	f	2025-10-13 06:49:36.429385+03	2025-10-13 06:49:36.429385+03
120	26	\N	2	በተመረጡ ቀጠናዎች ውስጥ ይዞታዎችን የቅየሳ ስራ መስራት	\N	To Do	\N	{}	{"በቁራሽ መሬት በቁጥር": "15,000"}	{}	0	0.5	f	2025-10-13 06:50:17.073635+03	2025-10-13 06:50:17.073635+03
121	26	\N	3	የመሬት ይዞታን ማረጋገጥ	\N	To Do	\N	{}	{"በቁራሽ መሬት በቁጥር": "15,000"}	{}	0	2	f	2025-10-13 06:50:51.131166+03	2025-10-13 06:51:06.387475+03
122	26	\N	4	የመሬት ይዞታ ማህደሮች ከኦርቶፎቶ/ከካዳስተር መሰረታዊ ካርታ ጋር በቁራሽ መሬት ልዩ ኮድ እንዲተሳሰሩ ማድረግ	\N	To Do	\N	{}	{"በይዞታ ቁጥር": "15,000"}	{}	0	0.25	f	2025-10-13 06:51:44.855428+03	2025-10-13 06:51:44.855428+03
123	26	\N	5	የካዳስተር ቁራሽ መሬት የይዞታ ማረጋገጫ ካርታ እንዲዘጋጅ ማድረግ	\N	To Do	\N	{}	{"የይዞታ ማረጋገጫ ካርታ በቁጥር": "15,000"}	{}	0	0.25	f	2025-10-13 06:52:12.092208+03	2025-10-13 06:52:12.092208+03
124	26	\N	6	የአድራሻ ስርዓት ካርታ በአማካሪ የትግበራ አፕሊኬሽን እንዲዘጋጅ ማድረግ	\N	To Do	\N	{}	{"በከተማ ቁጥር": "1"}	{}	0	0.25	f	2025-10-13 06:52:37.150939+03	2025-10-13 06:52:37.150939+03
125	26	\N	7	ምዝገባ ለተደረገላቸው ይዞታዎች ለሚሰጡ አገልግሎቶች አገልግሎት አሰጣጡ ወጪና ጊዜ ቆጣቢ፣ ፈጣንና ተደራሽ እንዲሆን ክትትልና ድጋፍ ማድረግ	\N	To Do	\N	{}	{"አገልግሎት ያገኙ ባለይዞታዎች በቁጥር": "6000"}	{}	0	0.25	f	2025-10-13 06:53:01.409408+03	2025-10-13 06:53:01.409408+03
126	27	\N	1	በማረጋገጥ ሂደቱ ብቁ የሆኑትን ይዞታወችን በሲስተም በመመዝገብ የምዝገባ ሰርቲፊኬት መስጠት	\N	To Do	\N	{}	{"በቁጥር": "6,500"}	{}	0	1	f	2025-10-13 06:53:50.8319+03	2025-10-13 06:53:50.8319+03
127	27	\N	2	በማረጋገጥ ሂደቱ ብቁ የሆኑትን ይዞታወችን በማንዋል በመመዝገብ የምዝገባ ሰርቲፊኬት መስጠት	\N	To Do	\N	{}	{"በቁጥር": "6,000"}	{}	0	1	f	2025-10-13 06:55:06.209907+03	2025-10-13 06:55:06.209907+03
128	28	\N	1	የመሬት ይዞታ ማረጋገጥና ምዝገባ አገልገሎት መስጠት	\N	To Do	\N	{}	{"በቁጥር": "6,000"}	{}	0	1	f	2025-10-13 06:56:31.417664+03	2025-10-13 06:56:31.417664+03
129	28	\N	2	በሲስተም የተመዘገቡትን ይዞታዎች አገልገሎት በመስጠት ገቢ መሰብሰብ	\N	To Do	\N	{}	{"በብር": "10,000,000"}	{}	0	0.5	f	2025-10-13 06:57:31.599842+03	2025-10-13 06:57:31.599842+03
130	28	\N	3	የካዳስተርን ሽፋን ማሳደግ	\N	To Do	\N	{}	{"በመቶኛ": "60"}	{}	0	0.5	f	2025-10-13 06:57:55.286776+03	2025-10-13 06:57:55.286776+03
131	29	\N	1	በከተሞች ለንብረት ግመታ የከተማ ቦታ ደረጃ መመሪያ እና የከተማ ቦታና ቤት ግብር ደንብ ማሻሻል ፣	\N	To Do	\N	{}	{"በሰነድ": "2"}	{}	0	0.5	f	2025-10-13 06:59:04.584181+03	2025-10-13 06:59:04.584181+03
132	29	\N	2	በከተሞች የሪል ንብረቶች ዋጋ ግመታ በማካሄድ ገቢ መሰብሰብ፣	\N	To Do	\N	{}	{"በብር": "200,000,000"}	{}	0	0.5	f	2025-10-13 06:59:40.775222+03	2025-10-13 06:59:40.775222+03
133	29	\N	3	በከተሞች የሪል ንብረቶች ዋጋ ግመታ በማካሄድ ሽፋኑን 70 በመቶ ማድረስ፣	\N	To Do	\N	{}	{"በመቶኛ": "70"}	{}	0	0.5	f	2025-10-13 07:00:14.179317+03	2025-10-13 07:00:14.179317+03
134	29	\N	4	በክልሉ የሪል ፕሮፐርቲ ግብይት ግመታና ፈቃድ አሰጣጥ ስርዓት አደረጃጀት እንዲፈጠር ማድረግ (ፈቃድ በክልል ደረጃ እና በፌደራል ደረጃ ይሰጣል ስለዚህ በክልል እንዲሰጠጥ ማድረግ)	\N	To Do	\N	{}	{"በቄጥር": "1"}	{}	0	0.166	f	2025-10-13 07:00:42.446764+03	2025-10-13 07:00:42.446764+03
135	29	\N	5	የሪል ፕሮፐርቲ ዳታ ቤዝ ማልማት	\N	To Do	\N	{}	{"በቄጥር": "1"}	{}	0	0.167	f	2025-10-13 07:02:18.660231+03	2025-10-13 07:02:18.660231+03
136	29	\N	6	የክልሉ መረጃ በሀገር ዓቀፍ ደረጃ በለማው የሪል ፕሮፐርቲ ፕላትፎርምና ኦብዘርቫቶሪ ሲስተም ላይ እንዲጫን ይደረጋል	\N	To Do	\N	{}	{"በቄጥር": "1"}	{}	0	0.167	f	2025-10-13 07:02:48.556261+03	2025-10-13 07:02:48.556261+03
141	30	\N	5	የተሰጠ የግንባታ እድሳት ፍቃድ	\N	To Do	\N	{}	{"በቁጥር": "355"}	{}	0	1	f	2025-10-13 07:06:48.894887+03	2025-10-13 07:06:48.894887+03
137	30	\N	1	የተሰጠ የፕላን ስምምነት	\N	To Do	\N	{}	{"በቁጥር": "1,600"}	{}	0	1	f	2025-10-13 07:04:16.66232+03	2025-10-13 07:04:16.66232+03
138	30	\N	2	የተሰጠ አዲስ የግንባታ ፍቃድ	\N	To Do	\N	{}	{"በቁጥር": "1,200"}	{}	0	1	f	2025-10-13 07:05:19.504344+03	2025-10-13 07:05:33.280453+03
139	30	\N	3	የተሰጠ የግንባታ ፍቃድ ማሻሻያ ፍቃድ	\N	To Do	\N	{}	{"በቁጥር": "15"}	{}	0	0.5	f	2025-10-13 07:05:55.502057+03	2025-10-13 07:05:55.502057+03
140	30	\N	4	የተሰጠ የግንባታ ማራዘሚያ ፍቃድ	\N	To Do	\N	{}	{"በቁጥር": "30"}	{}	0	0.5	f	2025-10-13 07:06:25.847443+03	2025-10-13 07:06:25.847443+03
142	31	\N	1	የተመዘገቡና ደረጃ የወጣላቸው የኮንስትራክሽን ፕሮጀክቶች	\N	To Do	\N	{}	{"በቁጥር": "80"}	{}	0	0.5	f	2025-10-13 07:07:29.760392+03	2025-10-13 07:07:29.760392+03
143	31	\N	2	ለሥራ ተቋራጩች፣ለአማካሪዎች፣ባለሙያዎች፣መሳሪያ አከራዮችና ግብአት አምራቾች የተደረገ ምዝገባ ፍቃድ	\N	To Do	\N	{}	{"በቁጥር": "100"}	{}	0	0.5	f	2025-10-13 07:07:52.057195+03	2025-10-13 07:07:52.057195+03
144	31	\N	3	የወቅታዊ የግንበታ ገበያ ዋጋ ጥናት ማድረግ	\N	To Do	\N	{}	{"በሰነድ": "4"}	{}	0	0.5	f	2025-10-13 07:08:13.817137+03	2025-10-13 07:08:13.817137+03
146	31	\N	5	4 የኮንስትራክሽን መሪ መዛኞችን በማፍራት 100 አነስተኛ እና መለስተኛ ባለሙያዎች ብቃታቸው በምዘና እንዲረጋገጥ ይደረጋል፡፡	\N	To Do	\N	{}	{"መሪ መዛኝ በቁጥር": "4"}	{}	0	0.5	f	2025-10-13 07:09:02.473947+03	2025-10-13 07:09:02.473947+03
145	31	\N	4	በክልሉ የነጠላ ግመታ መረጃ በማደራጀት (ለንብረት ዝውውር፤ ለካሳ እና ለባንክ እዳና እገዳ) አገልግሎት እንዲውል ማድረግ	\N	To Do	\N	{}	{"በሰነድ": "1"}	{}	0	0.5	f	2025-10-13 07:08:32.255733+03	2025-10-13 07:11:10.261532+03
147	31	\N	6	No Name/ስም የለም/Tihariho eiziina	\N	To Do	\N	{}	{"በምዘና የተረጋገጠ ባለሙያ በቁጥር": "100"}	{}	0	0.5	f	2025-10-13 07:12:07.105024+03	2025-10-13 07:12:07.105024+03
148	32	\N	1	የህንፃ፣የመንገድ ዳር እና የውጭ ማስታወቂያ ፈቃድ መስጠት (አዲስ እና ነባር)	\N	To Do	\N	{}	{"በቁጥር": "150"}	{}	0	1	f	2025-10-13 07:13:03.160837+03	2025-10-13 07:13:03.160837+03
149	32	\N	2	የማስታወቂያ ተከላ ክትትልና ቁጥጥር ማድረግ	\N	To Do	\N	{}	{"በቁጥር": "150"}	{}	0	0.5	f	2025-10-13 07:13:29.701279+03	2025-10-13 07:13:29.701279+03
150	33	\N	1	የተሰጠ የግንባታ እርከን ማሳወቂያ	\N	To Do	\N	{}	{"በቁጥር": "142"}	{}	0	0.5	f	2025-10-13 07:17:08.442513+03	2025-10-13 07:17:08.442513+03
151	33	\N	2	የተሰጠ የግንባታ ግብአት ጥራት ማረጋገጫ ማስረጃ	\N	To Do	\N	{}	{"በቁጥር": "154"}	{}	0	0.5	f	2025-10-13 07:17:37.083273+03	2025-10-13 07:17:37.083273+03
152	33	\N	3	ተጀምረው ያልተጠናቀቁ እና አዲስ ግንባታ ፕሮጀክቶች ክትትልና ቁጥጥር ማድረግ	\N	To Do	\N	{}	{"በፕሮጀክት ቁጥር": "154"}	{}	0	0.5	f	2025-10-13 07:17:59.693732+03	2025-10-13 07:17:59.693732+03
153	33	\N	4	የማስተካከያ ትዕዛዝ የተሰጠባቸዉና የተስተካከሉ ፕሮጀክቶች	\N	To Do	\N	{}	{"በቁጥር": "100"}	{}	0	0.5	f	2025-10-13 07:18:24.412899+03	2025-10-13 07:18:24.412899+03
154	33	\N	5	በከፊል ለተጠናቀቁ ህንጻዎች የተሰጠ መጠቀሚያ ፍቃድ	\N	To Do	\N	{}	{"በቁጥር": "30"}	{}	0	0.5	f	2025-10-13 07:18:51.207214+03	2025-10-13 07:18:51.207214+03
155	33	\N	6	ሙለ ለሙለ ለተጠናቀቁ ሕንፃዎች የተሰጠ መጠቀሚያ ፍቃድ የመንግስት አገልግሎት መስጫ ተቋማትን ጨምሮ	\N	To Do	\N	{}	{"በቁጥር": "15"}	{}	0	1	f	2025-10-13 07:19:15.99596+03	2025-10-13 07:19:15.99596+03
156	33	\N	7	ክትትልና ቁጥጥር የተደረገባቸዉ ግንባታ ፕሮጀክቶች ሽፋን ማሳደግ	\N	To Do	\N	{}	{"በመቶኛ": "100"}	{}	0	0.5	f	2025-10-13 07:19:38.773331+03	2025-10-13 07:19:38.773331+03
157	34	\N	1	ለቀረቡ የመረጃ ጥያቄዎች የተሰጡ ምላሾች	\N	To Do	\N	{}	{"በመቶኛ": "100"}	{}	0	0.75	f	2025-10-13 07:20:31.695958+03	2025-10-13 07:20:31.695958+03
158	34	\N	2	ግንባታ ነክ መረጃ ማደራጀት	\N	To Do	\N	{}	{"በሰነድ": "1"}	{}	0	0.75	f	2025-10-13 07:20:57.091063+03	2025-10-13 07:20:57.091063+03
159	35	\N	1	ዲጅታላይዝ የተደረገ የመረጃ ቋት	\N	To Do	\N	{}	{"በመቶኛ": "100"}	{}	0	0.5	f	2025-10-13 07:21:59.203209+03	2025-10-13 07:21:59.203209+03
160	35	\N	2	በኤላክትሮኒክስ ተደራሽ የሆነ አገልግሎት	\N	To Do	\N	{}	{"በመቶኛ": "50"}	{}	0	0.5	f	2025-10-13 07:22:23.714222+03	2025-10-13 07:22:23.714222+03
162	36	\N	2	ለመኖሪያ ቤት ግንባታ የሚሆን የግንባታ ስምምነት ፍቃድ እንዲያገኙ ማድረግ	\N	To Do	\N	{}	{"በቁጥር": "12"}	{}	0	0.5	f	2025-10-13 07:23:50.494187+03	2025-10-13 07:23:50.494187+03
163	36	\N	3	በገጠር የልማት ማዕከላት ደረጃቸውን ጠብቀው የተገነቡ ቤቶች	\N	To Do	\N	{}	{"በቁጥር": "90"}	{}	0	0.25	f	2025-10-13 07:24:10.192894+03	2025-10-13 07:24:10.192894+03
164	36	\N	4	በዘመናዊ መረጃ ስርዓት የመንግስት ቤት መረጃ መያዝ	\N	To Do	\N	{}	{"በቁጥር": "1,000"}	{}	0	0.25	f	2025-10-13 07:24:37.532313+03	2025-10-13 07:24:37.532313+03
165	36	\N	5	በመንግስት አስተባባሪነት በኪራይ ወይም በባለቤትነት (ዝቅተኛ ገቢ ላላቸው ህብረተሰብ ክፍሎች/አፓርታማ) ቤቶች እንዲገነቡ ማድረግ	\N	To Do	\N	{}	{"በቁጥር": "200"}	{}	0	0.25	f	2025-10-13 07:24:56.32478+03	2025-10-13 07:25:14.602661+03
166	36	\N	6	በመንግስት አስተባባሪነት ለሚገነቡ ቤቶች 50 ሚሊዮን ብር አንዲቀርብ ማድረግ	\N	To Do	\N	{}	{"በሚሊዮን ብር": "50"}	{}	0	0.25	f	2025-10-13 07:25:28.86415+03	2025-10-13 07:26:04.47639+03
167	36	\N	7	በመንግስት አስተባባሪነት የተገነቡ ቤቶች እንዲተላለፉ ማድረግ	\N	To Do	\N	{}	{"none/ባዶ/busha": "6"}	{}	0	0.25	f	2025-10-13 07:26:38.737526+03	2025-10-13 07:28:19.331321+03
168	36	\N	8	ከ100/0 ቤቶች ቀሪ ክፍያ የሚሰበሰብ ገቢ (በግሉ ዘርፍ ለሚገነቡ ቤቶች አንዲቀርብ ማድረግ)	\N	To Do	\N	{}	{"በብር": "20,000,000"}	{}	0	0.25	f	2025-10-13 07:28:48.291873+03	2025-10-13 07:28:48.291873+03
169	36	\N	9	ከመምህራን ቤት ወርሃዊ ክፍያ የሚሰበሰበ ገቢ	\N	To Do	\N	{}	{"በብር": "1,750,000"}	{}	0	0.25	f	2025-10-13 08:47:49.899293+03	2025-10-13 08:47:49.899293+03
170	36	\N	10	የአፓርታማ ቤት ግንባታ የሚሰበሰብ ገንዘብ	\N	To Do	\N	{}	{"በብር": "30,000,000"}	{}	0	0.25	f	2025-10-13 08:49:14.157206+03	2025-10-13 08:49:14.157206+03
171	36	\N	11	በመኖሪያ ቤት ህብረት ሥራ ማኀበራት የቤት ልማት አቅርቦት ፕሮግራም ቤቶች እንዲገነቡ ማድረግ	\N	To Do	\N	{}	{"በቁጥር": "120"}	{}	0	0.25	f	2025-10-13 08:51:44.475418+03	2025-10-13 08:51:44.475418+03
172	36	\N	12	በግለሰቦች የቤት ልማት አቅርቦት ፕሮግራም ቤቶች እንዲገነቡ ማድረግ	\N	To Do	\N	{}	{"በቁጥር": "1,200"}	{}	0	0.25	f	2025-10-13 08:52:13.800947+03	2025-10-13 08:52:13.800947+03
173	36	\N	13	በሪል ስቴት የቤት ልማት አቅርቦት ፕሮግራም 50 ቤቶች መገንባት	\N	To Do	\N	{}	{"በቁጥር": "50"}	{}	0	0.25	f	2025-10-13 08:52:42.965634+03	2025-10-13 08:52:42.965634+03
174	36	\N	14	በባለሀብቶች ቅይጥ ህንፃ የሚገነቡ ቤቶች (መረጃ ከከተማ ልማት የሚሰበሰብ)	\N	To Do	\N	{}	{"በቁጥር": "50"}	{}	0	0.25	f	2025-10-13 08:53:08.656013+03	2025-10-13 08:53:25.121806+03
175	36	\N	15	በመልሶ ማልማት ቤቶች እንዲገነቡ ማድረግ	\N	To Do	\N	{}	{"በቁጥር": "230"}	{}	0	0.25	f	2025-10-13 08:53:51.34042+03	2025-10-13 08:53:51.34042+03
176	36	\N	16	በማሻሻያ (በእድሳት) ልማት ደረጃቸው እንዲሻሻል ማድረግ	\N	To Do	\N	{}	{"በቁጥር": "300"}	{}	0	0.25	f	2025-10-13 08:54:21.699058+03	2025-10-13 08:54:21.699058+03
177	37	\N	1	የፕሮጀክት ሙሉ ዲዛይኖች ማዘጋጀት	\N	To Do	\N	{}	{"በቁጥር": "12"}	{}	0	1	f	2025-10-13 08:55:31.814033+03	2025-10-13 08:55:31.814033+03
178	37	\N	2	የፕሮጀክት BOQ እና ነጠላ ዋጋ ግምት ማዘጋጃት	\N	To Do	\N	{}	{"በቁጥር": "10"}	{}	0	0.5	f	2025-10-13 08:55:56.17943+03	2025-10-13 08:55:56.17943+03
179	37	\N	3	ባለቤት መስሪያ ቤቶች የፕሮጀክቶቻቸውን ዲዛይን እንዲያጸድቁ ተዘጋጅቶ የተላከላቸው የፕሮጀክታቸው ዲዛይኖች	\N	To Do	\N	{}	{"በቁጥር": "9"}	{}	0	0.5	f	2025-10-13 08:56:31.381858+03	2025-10-13 08:56:31.381858+03
180	37	\N	4	ለመኖ/ህ/ስ/ማህበራት እና ለገጠር ቤቶች ልማት   ስታንዳርድ ዲዛይኖች ማዘጋጀት	\N	To Do	\N	{}	{"ለከተማ በማህበራት የተዘጋጀ ዲዛይን በቁጥር": "1"}	{}	0	0.25	f	2025-10-13 08:57:05.386604+03	2025-10-13 08:57:05.386604+03
181	37	\N	5	ለመኖ/ህ/ስ/ማህበራት እና ለገጠር ቤቶች ልማት   ስታንዳርድ ዲዛይኖች ማዘጋጀት	\N	To Do	\N	{}	{"ለገጠር ቤቶች የተዘጋጀ ዲዛይን በቁጥር": "1"}	{}	0	0.25	f	2025-10-13 08:58:00.96911+03	2025-10-13 08:58:00.96911+03
182	38	\N	1	የተጠናቀቀ የጨረታ ሒደት	\N	To Do	\N	{}	{"በቁጥር": "9"}	{}	0	1	f	2025-10-13 08:59:59.882577+03	2025-10-13 08:59:59.882577+03
183	38	\N	2	በጨረታ ሰነድ መሰረት የሚታሰሩ ውሎች	\N	To Do	\N	{}	{"በቁጥር": "9"}	{}	0	0.5	f	2025-10-13 09:00:32.909825+03	2025-10-13 09:00:32.909825+03
184	38	\N	3	ክትትልና ቁጥጥር የሚደረግባቸው ፕሮጀክቶች	\N	To Do	\N	{}	{"በቁጥር": "22"}	{}	0	1	f	2025-10-13 09:01:05.706179+03	2025-10-13 09:01:05.706179+03
185	38	\N	4	በተያዘላቸዉ ጊዜ፣ በጀትና ጥራት የሚጠናቀቁ ፕሮጀክቶች ብዛት	\N	To Do	\N	{}	{"በቁጥር": "12"}	{}	0	1	f	2025-10-13 09:01:58.046427+03	2025-10-13 09:01:58.046427+03
186	38	\N	5	በተያዘላቸዉ ጊዜ፣ በጀትና ጥራት የሚጠናቀቁ ፕሮጀክቶች ብዛት	\N	To Do	\N	{}	{"በቁጥር": "12"}	{}	0	1	f	2025-10-13 09:04:14.507812+03	2025-10-13 09:04:14.507812+03
187	38	\N	6	ርክክብ የሚደረጉ ፕሮጀክቶች	\N	To Do	\N	{}	{"በቁጥር": "15"}	{}	0	0.5	f	2025-10-13 09:04:57.160865+03	2025-10-13 09:04:57.160865+03
161	36	\N	1	ለመኖሪያ ቤት ግንባታ የሚሆን 10 ሄክታር የለማ መሬት እንዲዘጋጅ ማድረግ	\N	In Progress	\N	{}	{"በሄክታር": "10"}	{"ahdg": "ukweh"}	0	0.5	f	2025-10-13 07:23:27.347002+03	2025-10-14 17:22:26.448787+03
188	39	\N	1	በመኖሪያ ቤቶች ቆጠራ (Inventory) ወቅት የተገኙ ግኝቶችን መፍትሄ መስጠት	\N	To Do	\N	{"በቁጥር": "3"}	{"በቁጥር": "3"}	{}	0	1	f	2025-10-27 06:55:45.246543+03	2025-10-27 06:56:04.533452+03
191	39	\N	4	መኖሪያ ቤቶች፣ መንግስታዊና መንግታዊ ያልሆኑ ተቋም ኪራይ ተመን ማሻሻያ ጥናት አስወስኖ ወደ ትግበራ መግባት	\N	To Do	\N	{}	{"በሰነድ": "2"}	{}	0	0.75	f	2025-10-27 06:58:12.354831+03	2025-10-27 06:58:12.354831+03
192	39	\N	5	ነባር መመሪያን አሻሽሎ ለቦርድ በማቅረብ ማስወሰን	\N	To Do	\N	{}	{"በሰነድ": "1"}	{}	0	0.75	f	2025-10-27 06:58:40.763939+03	2025-10-27 06:58:51.379074+03
195	39	\N	8	ኤጃንሲው ከሚያስተዳድራቸው ቤቶች አመታዊ ገቢ መሰብሰብ	\N	To Do	\N	{"በብር": "14626326"}	{"በብር": "18745715"}	{}	0	1	f	2025-10-27 07:02:38.59653+03	2025-10-27 07:02:46.480264+03
198	40	\N	1	ከባለሀብቶች ጋር በመጣመር በኤጀንሲው ይዞታ ላይ ቅይጥ አገልግሎት የሚሰጡ ህንፃዎችን መገንባት	\N	To Do	\N	{}	{"በቁጥር": "3"}	{}	0	0.5	f	2025-10-27 07:06:39.325377+03	2025-10-27 07:06:58.170601+03
199	40	\N	2	በኤጀንሲው ይዞታ ላይ B+G+4 የጋራ መኖሪያ ኮንዶሚኒየም ህንጻ መገንባት	\N	To Do	\N	{}	{"በቁጥር": "1"}	{}	0	0.5	f	2025-10-27 07:07:30.771127+03	2025-10-27 07:07:38.558104+03
202	40	\N	5	ለወሳኝ ኩነት ቢሮ አጥርና ቢሮ መገንባት	\N	To Do	\N	{}	{"በቁጥር": "1"}	{}	0	0.5	f	2025-10-27 07:10:09.522633+03	2025-10-27 07:10:16.208205+03
189	39	\N	2	ኤጀንሲው የሚያስተዳድራቸውን ኮንዶምኒየም ቤቶች አመታዊ ቆጠራ ማድረግ	\N	To Do	\N	{}	{"በቁጥር": "166"}	{}	0	0.75	f	2025-10-27 06:56:46.976513+03	2025-10-27 06:56:55.226281+03
193	39	\N	6	ተከራይ ደንበኛ አዲስ የተሻሻለውን ውል እንዲሞሉ ማድረግ	\N	To Do	\N	{}	{"በቁጥር": "1283"}	{}	0	0.75	f	2025-10-27 06:59:41.593974+03	2025-10-27 06:59:41.593974+03
196	39	\N	9	ሁለት የክፍያ አማራጭ ስርዓትን በመዘርጋት አሰራርን ማዘመን	\N	To Do	\N	{}	{"በክፍያ አማራጭ ብዛት": "2"}	{}	0	0.4	f	2025-10-27 07:03:25.06928+03	2025-10-27 07:03:25.06928+03
200	40	\N	3	መኖሪያ ቤቶችን ለተከራይ ደንበኞች በሽያጭ ለማስተላለፍ የተሰራውን ጥናት ለቦርድ አቅርቦ ማፀደቅ	\N	To Do	\N	{}	{"በሰነድ": "1"}	{}	0	0.25	f	2025-10-27 07:08:15.39037+03	2025-10-27 07:08:23.337708+03
203	40	\N	6	ለምናስተዳድራቸው ቤቶች ጥገና እና እድሳት ማድረግ	\N	To Do	\N	{"በቁጥር": "20"}	{"በቁጥር": "20"}	{}	0	0.5	f	2025-10-27 07:11:10.382417+03	2025-10-27 07:11:10.382417+03
190	39	\N	3	ኤጀንሲው የሚያስተዳድራቸውን ንግድ ቤቶች አመታዊ ቆጠራ ማድረግ	\N	To Do	\N	{}	{"በቁጥር": "343"}	{}	0	0.75	f	2025-10-27 06:57:33.526824+03	2025-10-27 06:57:40.64591+03
194	39	\N	7	በይዞታዎቻችን ላይ ሊፈጸሙ የሚችሉትን ህገ-ወጥ ድርጊቶችን ክትትል ማድረግ	\N	To Do	\N	{}	{"በወር": "12"}	{}	0	0.75	f	2025-10-27 07:00:13.078677+03	2025-10-27 07:00:45.59661+03
197	39	\N	10	ለቦርድ ቀርቦ የሚፀድቀውን የመኖሪያ ቤቶችን የሽያጭ ማስተላለፍ ጥናትን ተግባራዊ ማድረግ	\N	To Do	\N	{}	{"በቁጥር": "100"}	{}	0	0.01	f	2025-10-27 07:04:39.759674+03	2025-10-27 07:04:57.505074+03
201	40	\N	4	የቀድሞ ሲቪል ሰርቪስ ቢሮ ምድር ላይ ያሉትን አራት የፅ/ቤት ክፍሎችን ወደ ንግድ ቤት መቀየር	\N	To Do	\N	{"በቁጥር": "0"}	{"በቁጥር": "4"}	{}	0	0.25	f	2025-10-27 07:09:00.747005+03	2025-10-27 07:09:09.114562+03
204	40	\N	7	ለምናስተዳድራቸው ቤቶች የይዞታ ማረጋገጫ ካርታ እንዲኖራቸው ማድረግ	\N	To Do	\N	{"በቁጥር": "184"}	{"በቁጥር": "392"}	{}	0	0.5	f	2025-10-27 07:11:55.349347+03	2025-10-27 07:11:55.349347+03
\.


-- reset_sequences.sql
DO $$
DECLARE
  rec RECORD;
  t TEXT;
  c TEXT;
  seqname TEXT;
  seq_ident TEXT;
BEGIN
  FOR rec IN SELECT * FROM (VALUES
    ('Goals','id'),
    ('Tasks','id'),
    ('Activities','id'),
    ('Goals','rollNo'),
    ('Tasks','rollNo'),
    ('Activities','rollNo')
  ) AS v(table_name, col_name)
  LOOP
    t := rec.table_name;
    c := rec.col_name;

    -- try to get existing serial sequence (returns NULL if none)
    seqname := pg_get_serial_sequence(format('public."%s"', t), c);

    IF seqname IS NOT NULL THEN
      -- set sequence last_value = MAX(column) so nextval() => MAX+1
      EXECUTE format(
        'SELECT setval(%L, COALESCE((SELECT MAX(%I) FROM public."%s"), 0))',
        seqname, c, t
      );
      RAISE NOTICE 'Reset existing sequence % to max(%).', seqname, c;
    ELSE
      -- no attached sequence found: create one, set it to max, attach as default and own it
      seq_ident := quote_ident('public') || '.' || quote_ident(t || '_' || c || '_seq');
      EXECUTE format('CREATE SEQUENCE IF NOT EXISTS %s', seq_ident);
      EXECUTE format(
        'SELECT setval(%L, COALESCE((SELECT MAX(%I) FROM public."%s"), 0))',
        seq_ident, c, t
      );
      EXECUTE format('ALTER TABLE public."%s" ALTER COLUMN %I SET DEFAULT nextval(%L)', t, c, seq_ident);
      EXECUTE format('ALTER SEQUENCE %s OWNED BY public."%s".%I', seq_ident, t, c);
      RAISE NOTICE 'Created sequence % and attached to %.%.', seq_ident, t, c;
    END IF;
  END LOOP;
END;
$$ LANGUAGE plpgsql;


-- -- For Goals
-- SELECT setval(pg_get_serial_sequence('public."Goals"', 'id'),
--               COALESCE((SELECT MAX(id) FROM public."Goals"), 0));

-- -- For Tasks
-- SELECT setval(pg_get_serial_sequence('public."Tasks"', 'id'),
--               COALESCE((SELECT MAX(id) FROM public."Tasks"), 0));

-- -- For Activities
-- SELECT setval(pg_get_serial_sequence('public."Activities"', 'id'),
--               COALESCE((SELECT MAX(id) FROM public."Activities"), 0));

-- -- Goals.rollNo
-- SELECT setval(pg_get_serial_sequence('public."Goals"', 'rollNo'),
--               COALESCE((SELECT MAX("rollNo") FROM public."Goals"), 0));

-- -- Tasks.rollNo
-- SELECT setval(pg_get_serial_sequence('public."Tasks"', 'rollNo'),
--               COALESCE((SELECT MAX("rollNo") FROM public."Tasks"), 0));

-- -- Activities.rollNo
-- SELECT setval(pg_get_serial_sequence('public."Activities"', 'rollNo'),
--               COALESCE((SELECT MAX("rollNo") FROM public."Activities"), 0));

--
-- Data for Name: ProgressHistory; Type: TABLE DATA; Schema: public; Owner: -
--

-- COPY public."ProgressHistory" (id, entity_type, entity_id, group_id, progress, metrics, recorded_at, snapshot_month) FROM stdin;
-- 1	Activity	3	1	0	{"targetMetric": {}, "currentMetric": {"kg": "50"}}	2025-10-12 14:59:55.870139+00	2025-10-01
-- 2	Activity	1	1	100	{"targetMetric": {"km": "50"}, "currentMetric": {"kg": "50"}}	2025-10-12 15:02:34.429337+00	2025-10-01

