--
-- PostgreSQL database dump
--


--
-- Data for Name: Goals; Type: TABLE DATA; Schema: public; Owner: -
--

COPY public."Goals" (id, "rollNo", title, description, "groupId", "startDate", "endDate", status, progress, weight, "createdAt", "updatedAt") FROM stdin;
9	4	የሐረር ከተማ የመሬት ይዞታ ማረጋገጥና ምዝገባ ሽፋንን በማሳደግ የአገልግሎት አሰጣጥ ስርዓትን መዘርጋትና ማዘመን	\N	1	\N	\N	Not Started	0	13	2025-10-13 03:43:49.841124+00	2025-10-13 04:02:48.556261+00
8	3	ፍላጎትን መሰረት ያደረገ፣ ፍትሃዊ የመሬት ዝግጅትና አቅርቦትን ማረጋገጥ	\N	1	\N	\N	Not Started	0	15	2025-10-13 03:27:07.214522+00	2025-10-13 03:43:29.910991+00
11	6	በከተማና በገጠር የልማት ማዕከላት የቤት ልማት እንዲስፋፋና አስተዳደሩ እንዲዘምን ማድረግ እና የመንግስት ኮንስትራክሽን ሥራዎችን ማሻሻል	\N	1	\N	\N	Not Started	0	15	2025-10-13 04:22:39.626873+00	2025-10-14 14:22:26.448787+00
6	1	ተቋማዊ የማስፈጸም አቅም፣ የሀብት አጠቃቀም እና የአገልግሎት አሰጣጥ አሰራርን ማጎልበት	\N	1	\N	\N	Not Started	0	15	2025-10-12 20:58:39.118448+00	2025-10-13 03:00:56.693034+00
7	2	ክልላዊ ክትመትን በፕላን መምራት	\N	1	\N	\N	Not Started	0	17	2025-10-13 03:10:18.745342+00	2025-10-13 03:26:47.774379+00
10	5	የህንፃን ደህንነትና አገልግሎት ሰጪነት ማረጋገጥ	\N	1	\N	\N	Not Started	0	15	2025-10-13 04:03:18.460378+00	2025-10-13 04:22:23.714222+00
\.

--
-- Data for Name: Tasks; Type: TABLE DATA; Schema: public; Owner: -
--

COPY public."Tasks" (id, "goalId", "rollNo", title, description, status, "assigneeId", "dueDate", progress, weight, "createdAt", "updatedAt") FROM stdin;
23	8	4	ከመሬትና ከመሬት ነክ ቋሚ ንብረት የሚሰበሰብ ገቢን ማሳደግ	\N	To Do	\N	\N	0	3	2025-10-13 03:39:39.214343+00	2025-10-13 03:41:31.02066+00
9	6	4	የኢንፎርሜሽን፣ኮሙኒኬሽን እና ቴክኖልጂ አሰራርንና ውጤታማነትን ማሳደግ	\N	To Do	\N	\N	0	1	2025-10-12 21:39:19.649064+00	2025-10-12 21:41:19.299746+00
18	7	4	ለገጠር ልማት ማዕከላት የተዘጋጁ ስኬች ፕላኖችን ማስተግበር	\N	To Do	\N	\N	0	1.25	2025-10-13 03:23:44.627089+00	2025-10-13 03:25:34.288224+00
10	6	5	የአጋርነት እና የህዝብ ግንኙነት አሰራርንና ውጤታማነትን ማሳደግ	\N	To Do	\N	\N	0	1	2025-10-12 21:41:50.301228+00	2025-10-12 21:43:47.064961+00
14	6	9	የበጎ አድራጎት እና የማህበረሰብ አገልግሎት ሥራዎችን ማሳደግ	\N	To Do	\N	\N	0	2.5	2025-10-13 02:42:46.995781+00	2025-10-13 03:00:56.693034+00
24	8	5	የይዞታ ማህደራትን ማደራጀት፣ መጠበቅና ለተገልጋይ ተደራሽ ማድረግ	\N	To Do	\N	\N	0	1.5	2025-10-13 03:42:10.444696+00	2025-10-13 03:43:29.910991+00
19	7	5	የከተማ ፕላን ክዋኔ ኦዲት ጥራትና ሽፋን ማሳደግ	\N	To Do	\N	\N	0	2.5	2025-10-13 03:25:48.767478+00	2025-10-13 03:26:47.774379+00
11	6	6	ለተጠሪ ተቋማት እና ለወረዳዎች ድጋፍና ክትትል ማድረግ	\N	To Do	\N	\N	0	1	2025-10-12 21:44:11.544165+00	2025-10-12 21:47:19.684299+00
6	6	1	የዕቅድ ዝግጅት፣ የክትትልና ግምገማ እና የስታቲስቲክስ መረጃ አስተዳደር አሰራር ማሻሻል	\N	To Do	\N	\N	0	2	2025-10-12 20:59:55.871457+00	2025-10-12 21:21:40.706275+00
32	10	3	የውጭ ማስታወቂያ ፍቃድ አገልግሎትን ማሻሻል	\N	To Do	\N	\N	0	1.5	2025-10-13 04:12:27.116532+00	2025-10-13 04:13:29.701279+00
7	6	2	የሰው ሀብት ልማት እና አስተዳደር አሰራርና ውጤታማነት ማሳደግ	\N	To Do	\N	\N	0	2	2025-10-12 21:22:57.303025+00	2025-10-12 21:26:59.30462+00
20	8	1	ለተለያዩ አገልግሎቶች የሚዉል መሬት ማዘጋጀት	\N	To Do	\N	\N	0	2.25	2025-10-13 03:27:30.745393+00	2025-10-13 03:30:15.143022+00
12	6	7	የስነ ምግባርና ፀረ ሙስና የክትትል ሥራዎችን ማጠናከር	\N	To Do	\N	\N	0	1.5	2025-10-12 21:48:56.182669+00	2025-10-12 21:54:31.928663+00
27	9	3	በተመረጡ ሰፈሮች ውስጥ የሚገኙ መሬት ይዞታችን የምዝገባ ስራ ይሰራል	\N	To Do	\N	\N	0	2	2025-10-13 03:53:16.714058+00	2025-10-13 03:55:06.209907+00
15	7	1	የፕላን ዝግጅት ጥራትና ሽፋን ማሳደግ	\N	To Do	\N	\N	0	6	2025-10-13 03:11:05.285309+00	2025-10-13 03:16:16.845141+00
13	6	8	የሴቶችና የአካል ጉዳተኞች ማሕበራዊ ተሳታፊነትንና ተጠቃሚነትን ማሳደግ	\N	To Do	\N	\N	0	1	2025-10-12 21:56:13.812381+00	2025-10-12 21:58:13.18853+00
30	10	1	የሕንፃ ሕግጋትና የከተማ ፕላንን መሠረት ያደረገ የግንባታ ፍቃድ አሰጣጥን ማሳደግ	\N	To Do	\N	\N	0	4	2025-10-13 04:03:46.184965+00	2025-10-13 04:06:48.894887+00
28	9	4	የመሬት ይዞታ ማረጋገጥና ምዝገባ አገልግሎት የመስጠት ስራ ይሰራል፡፡	\N	To Do	\N	\N	0	2	2025-10-13 03:55:35.708577+00	2025-10-13 03:57:55.286776+00
8	6	3	የፋይናንስና ንብረት አስተዳደር አሰራርንና ውጤታማነትን ማሳደግ	\N	To Do	\N	\N	0	3	2025-10-12 21:27:31.525559+00	2025-10-12 21:38:53.371746+00
16	7	2	የከተማ ፕላን ጥናትና ምርምር ና ስልጠና ስራዎች	\N	To Do	\N	\N	0	2.25	2025-10-13 03:16:39.469035+00	2025-10-13 03:19:01.438362+00
25	9	1	ለይዞታ ማረጋገጥና ምዘገባ ስራ ቅድመ ስራዎችን ማጠናቀቅ	\N	To Do	\N	\N	0	3	2025-10-13 03:44:22.646086+00	2025-10-13 03:48:43.115638+00
21	8	2	ለተለያዩ አገልግሎቶች መሬት ማስተላለፍ	\N	To Do	\N	\N	0	6.75	2025-10-13 03:30:49.012725+00	2025-10-13 03:34:53.129156+00
35	10	6	በዘመናዊ ቴክኖሎጂ የተደራጀ አሰራርን ማሳደግ	\N	To Do	\N	\N	0	1	2025-10-13 04:21:14.174914+00	2025-10-13 04:22:23.714222+00
17	7	3	የከተማ ፕላን ትግበራ ክትትልና ቁጥጥር ማሳደግ	\N	To Do	\N	\N	0	5	2025-10-13 03:19:22.246774+00	2025-10-13 03:23:26.07747+00
22	8	3	ይዞታን መመስረት	\N	To Do	\N	\N	0	1.5	2025-10-13 03:35:07.271133+00	2025-10-13 03:39:14.463306+00
29	9	5	በከተሞች ለንብረት ግመታ የከተማ ቦታ ደረጃ እንዲሻሻል ስራ ይሰራል፡፡	\N	To Do	\N	\N	0	2	2025-10-13 03:58:12.837801+00	2025-10-13 04:02:48.556261+00
38	11	3	የግንባታ ጨረታና ዉለታ አስተዳደርን ማሻሻል	\N	To Do	\N	\N	0	6	2025-10-13 05:58:35.87468+00	2025-10-13 06:04:57.160865+00
26	9	2	በተመረጡ ሰፈሮች ውስጥ ይዞታዎችን የማረጋገጥ ስራ ይሰራል	\N	To Do	\N	\N	0	4	2025-10-13 03:48:55.509244+00	2025-10-13 03:53:01.409408+00
33	10	4	የግንባታ ክትትልና ቁጥጥር ሥራ በማከናወን ጥራትና ደህንነትን ማረጋገጥ	\N	To Do	\N	\N	0	4	2025-10-13 04:13:48.722051+00	2025-10-13 04:19:38.773331+00
31	10	2	በዘመናዊ ቴክኖሎጂ የተደራጀ የመረጃ፤የሕግ እና የአሰራርን ማሳደግ	\N	To Do	\N	\N	0	3	2025-10-13 04:07:01.851273+00	2025-10-13 04:12:07.105024+00
37	11	2	የዲዛይንና ዝግጅትን በጥራትና በወቅቱ ማከናወን	\N	To Do	\N	\N	0	2.5	2025-10-13 05:54:52.844328+00	2025-10-13 05:58:00.96911+00
34	10	5	የመረጃ እና የሕግ አሰራርን ማሳደግ	\N	To Do	\N	\N	0	1.5	2025-10-13 04:19:59.243853+00	2025-10-13 04:20:57.091063+00
36	11	1	የቤቶች ልማትና አስተዳደር ስራዎችን ማሻሻል	\N	To Do	\N	\N	0	4.5	2025-10-13 04:23:01.627278+00	2025-10-14 14:22:26.448787+00
\.


--
-- Data for Name: Activities; Type: TABLE DATA; Schema: public; Owner: -
--

COPY public."Activities" (id, "taskId", "parentId", "rollNo", title, description, status, "dueDate", "targetMetric", "currentMetric", weight, "isDone", "createdAt", "updatedAt") FROM stdin;
32	10	\N	2	ለተቋም አቅም ግንባታ በሀገር ዉስጥ አጋርነት የተገኘ ድጋፍ ለመሰብሰብ፤	\N	To Do	\N	{"በብር": "100,000"}	{}	0.25	f	2025-10-12 21:43:18.082278+00	2025-10-12 21:43:18.082278+00
33	10	\N	3	መረጃዎችን በተለያዩ የተግባቦት ዘዴዎች ተደራሽ ማድረግ	\N	To Do	\N	{"በመቶኛ": "100"}	{}	0.5	f	2025-10-12 21:43:47.064961+00	2025-10-12 21:43:47.064961+00
34	11	\N	1	የተጠሪ ተቋማት ዕቅድን ከዘርፍ ዕቅድ ጋር ማናበብና ማጣጣም	\N	To Do	\N	{"በሰነድ": "6"}	{}	0.2	f	2025-10-12 21:44:42.764786+00	2025-10-12 21:44:42.764786+00
36	11	\N	3	የቢሮዉን/ተቋሙን ዕቅድ ከክልሉ ዕቅድ ጋር ማናበብና ማጣጣም	\N	To Do	\N	{"በሰነድ": "1"}	{}	0.2	f	2025-10-12 21:45:37.160057+00	2025-10-12 21:45:37.160057+00
35	11	\N	2	የየሩብ ዓመት የተጠሪ ተቋማት ሪፖርት መገምገም	\N	To Do	\N	{"በቁጥር": "4"}	{}	0.2	f	2025-10-12 21:45:09.364258+00	2025-10-12 21:46:21.495969+00
5	6	\N	1	ወቅቱንና ጥራቱን የጠበቀ ዕቅድ ማዘጋጅት	\N	To Do	\N	{"በቁጥር": "5"}	{}	0.5	f	2025-10-12 21:01:57.796106+00	2025-10-12 21:13:22.975886+00
6	6	\N	2	ወቅቱንና ጥራቱን የጠበቀ ሪፖርት ማዘጋጀት	2 የተቀነሰው የሐምሌ እና ነሀሴ ካፒታል ፕሮጀክት ሪፖርት ስለሌለ ነው የ2017 ፊዚካል እና ፋይናንሺያል አፈጻጸማችንን ሰኔ ላይ አጠናቀን አስገብተናል ፋይናንሺያል ግሬስ ፔሬድ ላይ የነበረው በሰኔ ነው የሚያዘው 10 በየዉ ካፒታል ፕሮጀክት እና 4 መደበኛ ሪፖርት	To Do	\N	{"በሰነድ": "14"}	{}	0.5	f	2025-10-12 21:11:01.479628+00	2025-10-12 21:14:09.224728+00
7	6	\N	3	ወቅቱንና ጥራቱን የጠበቀ ግምገማ ማድረግ	\N	To Do	\N	{"በሰነድ": "6"}	{}	0.5	f	2025-10-12 21:15:22.612515+00	2025-10-12 21:15:22.612515+00
8	6	\N	4	የዘርፉን መረጃ አያያዝ በቴክኖሎጂ በመደገፍ ማደራጀት	\N	To Do	\N	{"በመቶኛ": "100"}	{}	0.5	f	2025-10-12 21:21:40.706275+00	2025-10-12 21:21:40.706275+00
9	7	\N	1	ግልጽነት የሰፈነበት የሰው ኃይል ስምሪት ማካሄድ	\N	To Do	\N	{"በመቶኛ": "100"}	{}	0.5	f	2025-10-12 21:23:46.356153+00	2025-10-12 21:23:46.356153+00
10	7	\N	2	ለአመራር እና ለሰራተኞች የሚሰጡ ሥልጠናዎችን ማሳደግ	\N	To Do	\N	{"በቁጥር": "200"}	{}	0.5	f	2025-10-12 21:24:53.479878+00	2025-10-12 21:24:53.479878+00
11	7	\N	3	የውስጥ የማበረታቻ ስርዓት መዘርጋት	\N	To Do	\N	{"በጊዜ": "1"}	{}	0.5	f	2025-10-12 21:25:25.932184+00	2025-10-12 21:25:25.932184+00
12	7	\N	4	የሰራተኛ ዕርካታን ማሳደግ	\N	To Do	\N	{"በመቶኛ": "60"}	{}	0.25	f	2025-10-12 21:26:14.654697+00	2025-10-12 21:26:14.654697+00
13	7	\N	5	የሰራተኛ ፍልሰትን መቀነስ	\N	To Do	\N	{"በመቶኛ": "0"}	{}	0.25	f	2025-10-12 21:26:59.30462+00	2025-10-12 21:26:59.30462+00
14	8	\N	1	የተመደበ በጀት በአግባቡ ሥራ ላይ ማዋል	\N	To Do	\N	{"በመቶኛ": "100"}	{}	0.5	f	2025-10-12 21:28:22.480822+00	2025-10-12 21:28:22.480822+00
15	8	\N	2	ወቅቱን እና ጥራቱን የጠበቀ የሂሳብ ሪፖርት	\N	To Do	\N	{"በሰነድ": "12"}	{}	0.06	f	2025-10-12 21:29:07.564884+00	2025-10-12 21:29:07.564884+00
16	8	\N	3	በIBEX የተመዘገበ የበጀት ኮንትሮል ሪፖርት	\N	To Do	\N	{"በሰነድ": "1"}	{}	0.03	f	2025-10-12 21:29:43.059829+00	2025-10-12 21:29:43.059829+00
17	8	\N	4	ተዘጋጅቶ የጸደቀ የተቋሙ የግዥ እቅድ	\N	To Do	\N	{"በሰነድ": "1"}	{}	0.04	f	2025-10-12 21:30:17.083908+00	2025-10-12 21:30:17.083908+00
19	8	\N	6	የተፈጸመ የግልጽ ጨረታ ግዢ ድርሻ	\N	To Do	\N	{"በመቶኛ": "87"}	{}	0.04	f	2025-10-12 21:32:02.835341+00	2025-10-12 21:32:02.835341+00
18	8	\N	5	በግዢ እቅዱ መሰረት የተዘጋጀ ሪፖርት	\N	To Do	\N	{"በሰነድ": "2"}	{}	0.04	f	2025-10-12 21:31:10.749305+00	2025-10-12 21:33:06.385354+00
20	8	\N	7	ወቅቱን እና ጥራቱን የጠበቀ የኦዲት ሪፖርት	\N	To Do	\N	{"በሰነድ": "4"}	{}	0.04	f	2025-10-12 21:34:34.58016+00	2025-10-12 21:34:34.58016+00
21	8	\N	8	ነቀፌታ ያለበትን የኦዲት ግኝት መቀነስ	\N	To Do	\N	{"በቁጥር": "0"}	{}	0.5	f	2025-10-12 21:35:16.843094+00	2025-10-12 21:35:16.843094+00
22	8	\N	9	ነቀፌታ ያለበትን የኦዲት ግኝት መቀነስ	\N	To Do	\N	{"በብር": "0"}	{}	0.25	f	2025-10-12 21:36:09.665603+00	2025-10-12 21:36:09.665603+00
23	8	\N	10	አጠቃላይ ቆጠራ ተደርጎ፣ ዋጋ ተሰጥቶት፣ ተመዝግቦ መለያ ምልክት የተለጠፈበት ቋሚ ንብረት	\N	To Do	\N	{"በመቶኛ": "100"}	{}	0.5	f	2025-10-12 21:36:48.014762+00	2025-10-12 21:36:48.014762+00
24	8	\N	11	አመታዊ የቋሚ ንብረት መግለጫ (አስ) ማዘጋጀት	\N	To Do	\N	{"በሰነድ": "1"}	{}	0.25	f	2025-10-12 21:37:44.654486+00	2025-10-12 21:37:44.654486+00
25	8	\N	12	የቋሚ ንብረት ጥገናና ዕድሳት ስኬጁል ማዘጋጀት	\N	To Do	\N	{"በሰነድ": "1"}	{}	0.5	f	2025-10-12 21:38:30.053737+00	2025-10-12 21:38:30.053737+00
26	8	\N	13	በፕሮግራሙ መሰረት ጥገና የተደረገላቸዉ ቋሚ ንብረቶች	\N	To Do	\N	{"በቁጥር": "10"}	{}	0.25	f	2025-10-12 21:38:53.371746+00	2025-10-12 21:38:53.371746+00
27	9	\N	1	መረጃ ቋት ማደራጀት	\N	To Do	\N	{"በመቶኛ": "100"}	{}	0.25	f	2025-10-12 21:39:56.873144+00	2025-10-12 21:39:56.873144+00
28	9	\N	2	በተቋሙ ወረቀት አልባ አሰራርን መተግበር	\N	To Do	\N	{"በመቶኛ": "80"}	{}	0.25	f	2025-10-12 21:40:24.524577+00	2025-10-12 21:40:24.524577+00
29	9	\N	3	በተቋሙ የሚሰጠ አገልግሎቶችን ኦቶሜት ማድረግ	\N	To Do	\N	{"በመቶኛ": "80"}	{}	0.25	f	2025-10-12 21:40:53.620338+00	2025-10-12 21:40:53.620338+00
30	9	\N	4	የተሻሻለና ደህንነቱ የተረጋገጠ የኢኮቴ አጠቃቀም	\N	To Do	\N	{"በመቶኛ": "100"}	{}	0.25	f	2025-10-12 21:41:19.299746+00	2025-10-12 21:41:19.299746+00
31	10	\N	1	ለተቋም አቅም ግንባታ በክልል ውስጥ አጋርነት የተገኘ ድጋፍ	\N	To Do	\N	{"በብር": "1,000,000"}	{}	0.25	f	2025-10-12 21:42:45.939962+00	2025-10-12 21:42:45.939962+00
37	11	\N	4	የተቋሙን/የቢሮዉን ዕቅድ ለወረዳ ማዉረድ	\N	To Do	\N	{"በሰነድ": "9"}	{}	0.2	f	2025-10-12 21:46:50.195655+00	2025-10-12 21:46:50.195655+00
38	11	\N	5	የተቋሙን/የቢሮዉን እና የወረዳን አፈጻጸም በየሩብ ዓመቱ በጋራ መገምገም	\N	To Do	\N	{"በቁጥር": "4"}	{}	0.1	f	2025-10-12 21:47:19.684299+00	2025-10-12 21:47:19.684299+00
39	12	\N	1	በብልሹ አሰራር ዙርያ ጥቆማ ከተደረገባቸው ውስጥ ማስተካከያ የተደረገባቸው	\N	To Do	\N	{"በመቶኛ": "100"}	{}	0.25	f	2025-10-12 21:49:40.867687+00	2025-10-12 21:49:40.867687+00
40	12	\N	2	ለብልሹ አሰራር የተጋለጡ አሰራሮች በጥናት በመለየት የማሻሻያ ሀሳብ ማቅረብ	\N	To Do	\N	{"በቁጥር": "1"}	{}	0.5	f	2025-10-12 21:50:05.9066+00	2025-10-12 21:50:05.9066+00
41	12	\N	3	በቴክኖሎጂ የተደገፈ መሰረታዊ አገልግሎትን በቅልጥፍና በመስጠት የደንበኞችን እርካታ ማሻሻል	\N	To Do	\N	{"በመቶኛ": "75"}	{}	0.5	f	2025-10-12 21:53:31.031902+00	2025-10-12 21:54:03.554595+00
42	12	\N	4	የሀብት ምዝገባ ያካሄዱ አመራሮች እና ባለሞያዎች ድርሻ ማሳደግ	\N	To Do	\N	{"በቁጥር": "100"}	{}	0.25	f	2025-10-12 21:54:31.928663+00	2025-10-12 21:54:31.928663+00
43	13	\N	1	የህጻናት ማቆያ አገልግሎት ተጠቃሚ ሰራተኞች ብዛት ማሳደግ	\N	To Do	\N	{"በቁጥር": "10"}	{}	0.25	f	2025-10-12 21:56:49.859766+00	2025-10-12 21:56:49.859766+00
44	13	\N	2	ወደ አመራር የመጡ ሴት ሰራተኞች ብዛት ማሳደግ	\N	To Do	\N	{"በመቶኛ": "50"}	{}	0.25	f	2025-10-12 21:57:17.692331+00	2025-10-12 21:57:17.692331+00
45	13	\N	3	ሥልጠና ያገኙ ሴት ሰራተኞች ድርሻ ማሳደግ	\N	To Do	\N	{"በመቶኛ": "100"}	{}	0.25	f	2025-10-12 21:57:43.590798+00	2025-10-12 21:57:43.590798+00
46	13	\N	4	ለአካል ጉዳተኛ ሰራተኞችና ተገልጋዮች ምቹ የስራ ሁኔታና ቦታ መፍጠር	\N	To Do	\N	{"በመቶኛ": "100"}	{}	0.25	f	2025-10-12 21:58:13.18853+00	2025-10-12 21:58:13.18853+00
47	14	\N	1	የአረንጓዴ አሻራ ተግባራትን ማካሄድ የቀረበ ችግኝ	\N	To Do	\N	{"በቁጥር": "1602"}	{}	0.2	f	2025-10-13 02:44:09.471406+00	2025-10-13 02:44:09.471406+00
48	14	\N	2	የአረንጓዴ አሻራ ተግባራትን ማካሄድ የተተከለ ችግኝ	\N	To Do	\N	{"በቁጥር": "1602"}	{}	0.15	f	2025-10-13 02:44:39.657945+00	2025-10-13 02:44:39.657945+00
49	14	\N	3	የአረንጓዴ አሻራ ተግባራትን ክብካቤ የተደረገለት ችግኝ	\N	To Do	\N	{"በቁጥር": "1602"}	{}	0.15	f	2025-10-13 02:45:10.93995+00	2025-10-13 02:45:10.93995+00
51	14	\N	5	የአቅመ ደካማ ማህበረሰቦች የመኖሪያ ቤቶች መገንባት (ማደስ) ብዛት	\N	To Do	\N	{"በቁጥር": "4"}	{}	0.15	f	2025-10-13 02:46:39.000246+00	2025-10-13 02:46:39.000246+00
52	14	\N	6	የአቅመ ደካማ ማህበረሰቦች የመኖሪያ ቤቶች መገንባት (ማደስ) በብር\t0.15\tበብር\t3ሚ	\N	To Do	\N	{"በብር": "1.5ሚ"}	{}	0.15	f	2025-10-13 02:47:59.237539+00	2025-10-13 02:47:59.237539+00
53	14	\N	7	የአቅመ ደካማ ቤተሰብ ተማሪዎች ድጋፍ በገንዘብ	\N	To Do	\N	{"በብር": "400ሺ"}	{}	0.15	f	2025-10-13 02:49:09.89982+00	2025-10-13 02:49:09.89982+00
50	14	\N	4	የአረንጓዴ አሻራ ተግባራትን ማካሄድ የጸደቀ ችግኝ	\N	To Do	\N	{"በቁጥር": "1361"}	{}	0.15	f	2025-10-13 02:46:07.934083+00	2025-10-13 02:50:46.408947+00
54	14	\N	8	ለተለያዩ ማህበራዊ ቀውሶች የተደረገ ድጋፍ	\N	To Do	\N	{"በብር": "400ሺ"}	{}	0.5	f	2025-10-13 02:50:21.673807+00	2025-10-13 02:51:10.203157+00
55	14	\N	9	የተደረገ ደም ልገሳ	\N	To Do	\N	{"ዩኒት": "30"}	{}	0.5	f	2025-10-13 02:51:55.892954+00	2025-10-13 02:51:55.892954+00
56	14	\N	10	ወላጆቻቸውን ያጡ ህፃናትን መደገፍ ብዛት በቁጥር	\N	To Do	\N	{"በቁጥር": "10"}	{}	0.2	f	2025-10-13 02:52:18.989475+00	2025-10-13 02:52:33.153797+00
57	14	\N	11	ወላጆቻቸውን ያጡ ህፃናትን መደገፍ በገንዘብ\t0.2\t\t20,000\t20,000	\N	To Do	\N	{"በብር": "20,000"}	{}	0.02	f	2025-10-13 03:00:56.693034+00	2025-10-13 03:00:56.693034+00
58	15	\N	1	12 ነባር የአካባቢ ልማት ፕላን ዝግጅት ስራዎችን እንዲፀድቁ ለማድረግ የክትትል ሥራ መስራት	\N	To Do	\N	{"በሰነድ": "12"}	{}	0.5	f	2025-10-13 03:11:50.814165+00	2025-10-13 03:11:50.814165+00
59	15	\N	2	የሰፈር ልማት ፕላኖችን በአማካሪ ድርጅት ማዘጋጀት	\N	To Do	\N	{"በቁጥር": "4"}	{}	0.5	f	2025-10-13 03:12:26.789997+00	2025-10-13 03:12:26.789997+00
60	15	\N	3	ለሰፈር ልማት ፕላን ዝግጅት የሚሆኑ 4 መሰረታዊ ካርታዎች ማዘጋጀት	\N	To Do	\N	{"በቁጥር": "4"}	{}	0.5	f	2025-10-13 03:12:52.172431+00	2025-10-13 03:12:52.172431+00
61	15	\N	4	2 በመልሶ ማልማት የከተማ ዲዛይን በተመረጡ የከተማው እንብርት ቦታዎች በራስ አገዝ እንዲሰሩ ማድረግ	\N	To Do	\N	{"በሰነድ": "2"}	{}	1	f	2025-10-13 03:13:20.427293+00	2025-10-13 03:13:20.427293+00
62	15	\N	5	የፕላን ክፍሎችን፣ የማጠቃለያ ሰነዶችንና አሰራር ስታንደርዶችን ማሳተም	\N	To Do	\N	{"በሰነድ": "1"}	{}	0.5	f	2025-10-13 03:13:44.555219+00	2025-10-13 03:13:44.555219+00
63	15	\N	6	አንድ ቤዚክ ፕላን ለገጠር ጥንስስ ከተማ ማዘጋጀት በራስ አገዝ ማዘጋጀት	\N	To Do	\N	{"በሰነድ": "1"}	{}	1	f	2025-10-13 03:14:07.004779+00	2025-10-13 03:14:07.004779+00
64	15	\N	7	በዩን ሃቢታት አየተዘጋጀ ያለው ክልላዊ ሰፓሻል ፕላንን የተረከብነውን በክልል ምክር ቤት እንዲፀድቅ ክትትል ማድረግ	\N	To Do	\N	{"በሰነድ": "1"}	{}	0.5	f	2025-10-13 03:14:56.397143+00	2025-10-13 03:14:56.397143+00
65	15	\N	8	በፕላን የሚመሩ የገጠር ማዕከላት ሽፋን ማሳደግ	\N	To Do	\N	{"በመቶኛ": "80"}	{}	0.5	f	2025-10-13 03:15:25.101286+00	2025-10-13 03:15:25.101286+00
66	15	\N	9	በፕላን የሚመሩ ከተሞች ሽፋን ማሳደግ	\N	To Do	\N	{"በመቶኛ": "80"}	{}	0.5	f	2025-10-13 03:15:49.214401+00	2025-10-13 03:15:49.214401+00
67	15	\N	10	የሰፈር ልማት ፕላኖች ሽፋን ማሳደግ	\N	To Do	\N	{"በመቶኛ": "55"}	{}	0.5	f	2025-10-13 03:16:16.845141+00	2025-10-13 03:16:16.845141+00
68	16	\N	1	ገጠር ከገጠር እና ገጠር ከከተማ የትስስር ጥናት ማዘጋጀት	\N	To Do	\N	{"በሰነድ": "2"}	{}	0.5	f	2025-10-13 03:17:10.196197+00	2025-10-13 03:17:10.196197+00
69	16	\N	2	የገጠር ኮሪደር ልማት የሚዘጋጅላቸው የገጠር ዕድገት ማእከላት ስኬች ፕላን ጥናቶችን ማዘጋጀት	\N	To Do	\N	{"በሰነድ": "6"}	{}	0.5	f	2025-10-13 03:17:36.115513+00	2025-10-13 03:17:36.115513+00
70	16	\N	3	በተዘጋጁ ስኬች ፕላን ጥናት ላይ ለሚመለከታቸው ባለድርሻ አካለት የግንዛቤ መፍጠሪያ መድረክ ማዘጋጀት	\N	To Do	\N	{"በመድረክ": "2"}	{}	0.25	f	2025-10-13 03:18:01.511188+00	2025-10-13 03:18:01.511188+00
71	16	\N	4	ከተሞች ወደ Smart city ትግበራ እንዲገቡ ይደረጋል የጥናትና የዝግጅት ምዕራፍ ሥራዎች መስራት	\N	To Do	\N	{"በሰነድ": "1"}	{}	0.5	f	2025-10-13 03:18:27.658258+00	2025-10-13 03:18:27.658258+00
72	16	\N	5	የከተማ ፕላን ዝግጅትና ትግበራን ለማስፈፀም በተዘጋጁ ማኑዋሎች፣ ስታንዳርዶችና የአሰራር ስርአቶች ለባለሙያዎች (50% ሴቶች) ተግባር ተኮር የሆነ ስልጠና ይሰጣል፡፡	\N	To Do	\N	{"በሰልጣኝ በቁጥር": "20"}	{}	0.5	f	2025-10-13 03:19:01.438362+00	2025-10-13 03:19:01.438362+00
73	17	\N	1	የስፓሻል ፕላን ትግበራ ላይ ክትትልና ቁጥጥር ማድረግ	\N	To Do	\N	{"በሰነድ": "1"}	{}	0.5	f	2025-10-13 03:19:58.133631+00	2025-10-13 03:19:58.133631+00
74	17	\N	2	የአረንጓዴ ልማት ፕላን ትግበራ ላይ ክትትልና ቁጥጥር ማድረግ	\N	To Do	\N	{"በሰነድ": "2"}	{}	0.5	f	2025-10-13 03:20:21.870427+00	2025-10-13 03:20:21.870427+00
75	17	\N	3	የማህበረ ኢኮኖሚ ፕላን ትግበራ ላይ ክትትልና ቁጥጥር ማድረግ	\N	To Do	\N	{"በሰነድ": "1"}	{}	0.5	f	2025-10-13 03:20:43.589269+00	2025-10-13 03:20:43.589269+00
76	17	\N	4	የቅርስ ጥበቃ ፕላን ትግበራ ላይ ክትትልና ቁጥጥር ማድረግ	\N	To Do	\N	{"በሰነድ": "2"}	{}	0.5	f	2025-10-13 03:21:04.377334+00	2025-10-13 03:21:04.377334+00
77	17	\N	5	የመሬት ሽንሻኖ ፕላን ትግበራ ላይ ክትትልና ቁጥጥር ማድረግ	\N	To Do	\N	{"በሰነድ": "2"}	{}	0.5	f	2025-10-13 03:21:26.326124+00	2025-10-13 03:21:26.326124+00
78	17	\N	6	ባለድርሻ ተቋማት በመዋቅራዊ ፕላን ትግበራ የመልሶ ማልማት ፤የቤቶች ልማት፤የቅርስ ጥበቃና የመንገድ መረበብ የትግበራ ፕሮፖዛል በመለየት ከፕሮፖዛሎች አንፃር ስራቸውን ማከናወን በሚያስችል የስራ ትብብር ዙሪያ መግባቢያ ሰነድ መፈራረም	\N	To Do	\N	{"በሰነድ": "4"}	{}	0.5	f	2025-10-13 03:21:57.101224+00	2025-10-13 03:21:57.101224+00
82	18	\N	1	የማስተግበሪያ ሰነድ ማዘጋጀት	\N	To Do	\N	{"በሰነድ": "1"}	{}	0.25	f	2025-10-13 03:24:14.540299+00	2025-10-13 03:24:14.540299+00
79	17	\N	7	ለሚፀድቁት ሰፈር ልማት ፕላን ትግበራ ላይ ክትትልና ቁጥጥር ማድረግ	\N	To Do	\N	{"በሰነድ": "2"}	{}	0.5	f	2025-10-13 03:22:29.450113+00	2025-10-13 03:22:29.450113+00
80	17	\N	8	የኤረርና ድሬጠያራ ከተሞች ፕላን ክትትልና ድጋፍ ማድረግ	\N	To Do	\N	{"በሰነድ": "1"}	{}	0.75	f	2025-10-13 03:22:58.175695+00	2025-10-13 03:22:58.175695+00
81	17	\N	9	የከተማ ፕላን ትግበራ ክትትልና ቁጥጥር ሽፋን ማሳደግ	\N	To Do	\N	{"በመቶኛ": "100"}	{}	0.75	f	2025-10-13 03:23:26.07747+00	2025-10-13 03:23:26.07747+00
85	18	\N	4	ወረዳዎቹንና የልማት ማዕከላቱን የባለሞያ ድጋፍ መስጠት	\N	To Do	\N	{"በቁጥር": "3"}	{}	0.25	f	2025-10-13 03:25:34.288224+00	2025-10-13 03:25:34.288224+00
86	19	\N	1	የከተማ ፕላን ክዋኔ ኦዲት አመታዊ መርሃ ግብር ማዘጋጀት	\N	To Do	\N	{"በሰነድ": "1"}	{}	1	f	2025-10-13 03:26:20.9003+00	2025-10-13 03:26:20.9003+00
87	19	\N	2	የከተማ ፕላን ትግበራ ክዋኔ ኦዲት ማካሄድ	\N	To Do	\N	{"በሰነድ": "1"}	{}	1.5	f	2025-10-13 03:26:47.774379+00	2025-10-13 03:26:47.774379+00
83	18	\N	2	የተዘጋጁ ፕላኖችንና የማስፈጸሚያ ዕቅዶቹ ላይ ስልጠና መስጠት	\N	To Do	\N	{"በመድረክ": "2"}	{}	0.5	f	2025-10-13 03:24:44.128024+00	2025-10-13 03:24:44.128024+00
84	18	\N	3	በሚመለከታቸዉ አካላት እንዲፀድቅ ክትትል ማድረግ	\N	To Do	\N	{"በሰነድ": "1"}	{}	0.25	f	2025-10-13 03:25:10.36608+00	2025-10-13 03:25:10.36608+00
88	20	\N	1	የመሬት ፍላጎትንና መቸት መለየት	\N	To Do	\N	{"ሰነድ": "1"}	{}	0.5	f	2025-10-13 03:28:08.395653+00	2025-10-13 03:28:08.395653+00
89	20	\N	2	የመሬት ማዘጋጀት	\N	To Do	\N	{"በሄክታር": "50"}	{}	0.75	f	2025-10-13 03:29:00.344499+00	2025-10-13 03:29:00.344499+00
90	20	\N	3	መሬት ባንክ ገቢ ማድረግ	\N	To Do	\N	{"በሄክታር": "50"}	{}	0.75	f	2025-10-13 03:29:43.256245+00	2025-10-13 03:29:43.256245+00
91	20	\N	4	ለተሻሻለው የካሳ አዋጅ ቁጥር 1336/2016 ማስፈጸሚያ ክልላዊ መመርያ እንዲዘጋጅ ይደረጋል	\N	To Do	\N	{"በሰነድ": "1"}	{}	0.25	f	2025-10-13 03:30:15.143022+00	2025-10-13 03:30:15.143022+00
92	21	\N	1	መሬት ለልማት ማስተላለፍ	\N	To Do	\N	{"በሄክታር": "50"}	{}	0.75	f	2025-10-13 03:31:24.862011+00	2025-10-13 03:31:24.862011+00
93	21	\N	2	ለመኖሪያ ቤት የተላለፈ መሬት	\N	To Do	\N	{"በሄክታር": "14"}	{}	0.75	f	2025-10-13 03:31:49.937113+00	2025-10-13 03:31:49.937113+00
94	21	\N	3	ለንግድ አገልግሎት የተላለፈ መሬት	\N	To Do	\N	{"በሄክታር": "5"}	{}	0.75	f	2025-10-13 03:32:15.173445+00	2025-10-13 03:32:15.173445+00
95	21	\N	4	ለማህበራዊ አገልግሎት የተላለፈ መሬት	\N	To Do	\N	{"በሄክታር": "9"}	{}	0.75	f	2025-10-13 03:32:45.283017+00	2025-10-13 03:32:45.283017+00
96	21	\N	5	አስተዳደራዊ አገልግሎት የተላለፈ መሬት	\N	To Do	\N	{"በሄክታር": "4"}	{}	0.75	f	2025-10-13 03:33:09.188212+00	2025-10-13 03:33:09.188212+00
97	21	\N	6	ለኢንዱስትሪ አገልግሎት የተላለፈ መሬት	\N	To Do	\N	{"በሄክታር": "6"}	{}	0.75	f	2025-10-13 03:33:33.810003+00	2025-10-13 03:33:33.810003+00
98	21	\N	7	ለመንገድ፣ ትራንስፖርትና ዩቲሉቲ ልማት አገልግሎት የተላለፈ መሬት	\N	To Do	\N	{"በሄክታር": "6"}	{}	0.75	f	2025-10-13 03:34:00.428973+00	2025-10-13 03:34:00.428973+00
99	21	\N	8	ለከተማ ግብርና አገልግለሎት የተላለፈ መሬት	\N	To Do	\N	{"በሄክታር": "2"}	{}	0.75	f	2025-10-13 03:34:24.479137+00	2025-10-13 03:34:24.479137+00
100	21	\N	9	ለአረንጓዴ፣ ለመዝናኛና አከባቢ ጥበቃ የተላለፈ/የተጠበቀ መሬት	\N	To Do	\N	{"በሄክታር": "4"}	{}	0.75	f	2025-10-13 03:34:53.129156+00	2025-10-13 03:34:53.129156+00
101	22	\N	1	አዲስ ይዞታ ማረጋገጫ ማስረጃ መስጠት	\N	To Do	\N	{"በቁጥር": "8,000"}	{}	0.25	f	2025-10-13 03:35:42.59349+00	2025-10-13 03:35:42.59349+00
102	22	\N	2	የመሬት ህገወጥ ይዞታዎችን ማስለቀቅ	\N	To Do	\N	{"በሄክታር": "1"}	{}	0.25	f	2025-10-13 03:36:11.257031+00	2025-10-13 03:36:11.257031+00
103	22	\N	3	ለሰነድ አልባ ይዞታዎች እና የመንግስት ተቋም (የቀበሌ እና ኪራይ ቤት) ሰነድ መስጠት	\N	To Do	\N	{"በቁጥር": "4,500"}	{}	0.25	f	2025-10-13 03:36:37.990075+00	2025-10-13 03:36:37.990075+00
104	22	\N	4	የመሬት ይዞታን ማሻሻል	\N	To Do	\N	{"በቁጥር": "1,000"}	{}	0.25	f	2025-10-13 03:37:14.680871+00	2025-10-13 03:37:14.680871+00
105	22	\N	5	በክልሉ 5,000 በቁራሽ መሬት (10 ሄክታር) ላይ የሚገኝ የመሬት ሀብታቸውን ቆጥረውና መዝግበው ወቅታዊ እንዲያደርጉና እንዲያስተዳድሩ ይደረጋል	\N	To Do	\N	{"በቁራሽ መሬት ብዛት": "5,000"}	{}	0.25	f	2025-10-13 03:38:03.636168+00	2025-10-13 03:38:03.636168+00
106	22	\N	6	በክልሉ 5,000 በቁራሽ መሬት (10 ሄክታር) ላይ የሚገኝ የመሬት ሀብታቸውን ቆጥረውና መዝግበው ወቅታዊ እንዲያደርጉና እንዲያስተዳድሩ ይደረጋል	\N	To Do	\N	{"በሄክታር": "10"}	{}	0.25	f	2025-10-13 03:39:14.463306+00	2025-10-13 03:39:14.463306+00
107	23	\N	1	ከመሬት ነክ ቋሚ ንብረት ገቢን ማሰባሰብ	\N	To Do	\N	{"በብር": "500,000,000"}	{}	1.5	f	2025-10-13 03:40:21.902482+00	2025-10-13 03:40:21.902482+00
118	25	\N	8	ከባለድረሻ አካላት ጋር MOU መፈራረም	\N	To Do	\N	{"የተዘጋጀ ሰነድ": "13"}	{}	0.25	f	2025-10-13 03:48:43.115638+00	2025-10-13 03:48:43.115638+00
108	23	\N	2	ለልማት ተነሺዎች ካሳ መክፈል	\N	To Do	\N	{"በብር": "200,000,000"}	{}	1.5	f	2025-10-13 03:40:47.299541+00	2025-10-13 03:41:31.02066+00
109	24	\N	1	የመሬት ይዞታ ማህደራትን ማደራጀት	\N	To Do	\N	{"በቁጥር": "12,500"}	{}	0.75	f	2025-10-13 03:42:58.275036+00	2025-10-13 03:42:58.275036+00
110	24	\N	2	ካደስተር ምዝገባዉ ተደራሽ ማድረግ	\N	To Do	\N	{"በቁጥር": "15,000"}	{}	0.75	f	2025-10-13 03:43:29.910991+00	2025-10-13 03:43:29.910991+00
111	25	\N	1	የህጋዊ ካዳስተር ስርዓትን ለመተግበር የሚያስፈልጉ የሲስተም ፣ ማረጋገጥና ምዝገባ ግብአቶችን እንዲሟላ ስፔስፊኬሽን ሰነድ ማዘጋጀት	\N	To Do	\N	{"የስፔስፊኬሽን ሰነድ": "1"}	{}	0.5	f	2025-10-13 03:44:56.524942+00	2025-10-13 03:44:56.524942+00
112	25	\N	2	ቅሬታ ሰሚ ጉባኤ ማደራጀትና ታዛቢ ኮሚቴ ማዋቀር	\N	To Do	\N	{"በቀጠና ብዛት": "4"}	{}	0.5	f	2025-10-13 03:45:29.066127+00	2025-10-13 03:45:29.066127+00
113	25	\N	3	ለተመረጡ ቅሬታ ሰሚ ጉባኤ እና ታዛቢ ኮሚቴ አባላት ማበረታቻ ክፍያ መመሪያ ማዘጋጀት	\N	To Do	\N	{"በሰነድ": "1"}	{}	0.25	f	2025-10-13 03:46:10.418919+00	2025-10-13 03:46:10.418919+00
114	25	\N	4	ከመብት ፈጣሪ ተቋም (መሬት ልማት ማኔጅመንት) የተደራጁ የይዞታ ፋይሎችን በደንቡ መሰረት መረከብ	\N	To Do	\N	{"በተረከበ ፋይል ቁጥር": "15,000"}	{}	0.5	f	2025-10-13 03:46:51.232712+00	2025-10-13 03:46:51.232712+00
115	25	\N	5	ሕጋዊ ካዳስተር ለመተግበር ለፈጻሚዎችንና አስፈጻሚ አካላት የግንዛቤ ማስጨበጫ ስልጠና መስጠት	\N	To Do	\N	{"በመድረክ": "3"}	{}	0.25	f	2025-10-13 03:47:14.801325+00	2025-10-13 03:47:14.801325+00
116	25	\N	6	የከተማ መሬት ምዝገባ ፕሮግራም ለማስፈጸም የሚያስችል ለህብረተሰብ ግንዛቤ ማስጨበጫ መስጠት	\N	To Do	\N	{"በመድረክ": "4"}	{}	0.25	f	2025-10-13 03:47:38.38125+00	2025-10-13 03:47:38.38125+00
117	25	\N	7	ኦርቶፎቶ በመጠቀም ለመሬት ይዞታ ማረጋገጫ ማከናወኛ ካርታና ኢንዴክስ ማፕ ማዘጋጀት	\N	To Do	\N	{"በቁራሽ መሬት በቁጥር": "15,000"}	{}	0.5	f	2025-10-13 03:48:01.719463+00	2025-10-13 03:48:18.688488+00
119	26	\N	1	በተመረጡ ቀጠናዎች ውስጥ ይዞታዎችን የወሰን ማካለል ስራ መስራት	\N	To Do	\N	{"በቁራሽ መሬት በቁጥር": "15,000"}	{}	0.5	f	2025-10-13 03:49:36.429385+00	2025-10-13 03:49:36.429385+00
120	26	\N	2	በተመረጡ ቀጠናዎች ውስጥ ይዞታዎችን የቅየሳ ስራ መስራት	\N	To Do	\N	{"በቁራሽ መሬት በቁጥር": "15,000"}	{}	0.5	f	2025-10-13 03:50:17.073635+00	2025-10-13 03:50:17.073635+00
121	26	\N	3	የመሬት ይዞታን ማረጋገጥ	\N	To Do	\N	{"በቁራሽ መሬት በቁጥር": "15,000"}	{}	2	f	2025-10-13 03:50:51.131166+00	2025-10-13 03:51:06.387475+00
122	26	\N	4	የመሬት ይዞታ ማህደሮች ከኦርቶፎቶ/ከካዳስተር መሰረታዊ ካርታ ጋር በቁራሽ መሬት ልዩ ኮድ እንዲተሳሰሩ ማድረግ	\N	To Do	\N	{"በይዞታ ቁጥር": "15,000"}	{}	0.25	f	2025-10-13 03:51:44.855428+00	2025-10-13 03:51:44.855428+00
123	26	\N	5	የካዳስተር ቁራሽ መሬት የይዞታ ማረጋገጫ ካርታ እንዲዘጋጅ ማድረግ	\N	To Do	\N	{"የይዞታ ማረጋገጫ ካርታ በቁጥር": "15,000"}	{}	0.25	f	2025-10-13 03:52:12.092208+00	2025-10-13 03:52:12.092208+00
124	26	\N	6	የአድራሻ ስርዓት ካርታ በአማካሪ የትግበራ አፕሊኬሽን እንዲዘጋጅ ማድረግ	\N	To Do	\N	{"በከተማ ቁጥር": "1"}	{}	0.25	f	2025-10-13 03:52:37.150939+00	2025-10-13 03:52:37.150939+00
125	26	\N	7	ምዝገባ ለተደረገላቸው ይዞታዎች ለሚሰጡ አገልግሎቶች አገልግሎት አሰጣጡ ወጪና ጊዜ ቆጣቢ፣ ፈጣንና ተደራሽ እንዲሆን ክትትልና ድጋፍ ማድረግ	\N	To Do	\N	{"አገልግሎት ያገኙ ባለይዞታዎች በቁጥር": "6000"}	{}	0.25	f	2025-10-13 03:53:01.409408+00	2025-10-13 03:53:01.409408+00
126	27	\N	1	በማረጋገጥ ሂደቱ ብቁ የሆኑትን ይዞታወችን በሲስተም በመመዝገብ የምዝገባ ሰርቲፊኬት መስጠት	\N	To Do	\N	{"በቁጥር": "6,500"}	{}	1	f	2025-10-13 03:53:50.8319+00	2025-10-13 03:53:50.8319+00
127	27	\N	2	በማረጋገጥ ሂደቱ ብቁ የሆኑትን ይዞታወችን በማንዋል በመመዝገብ የምዝገባ ሰርቲፊኬት መስጠት	\N	To Do	\N	{"በቁጥር": "6,000"}	{}	1	f	2025-10-13 03:55:06.209907+00	2025-10-13 03:55:06.209907+00
128	28	\N	1	የመሬት ይዞታ ማረጋገጥና ምዝገባ አገልገሎት መስጠት	\N	To Do	\N	{"በቁጥር": "6,000"}	{}	1	f	2025-10-13 03:56:31.417664+00	2025-10-13 03:56:31.417664+00
129	28	\N	2	በሲስተም የተመዘገቡትን ይዞታዎች አገልገሎት በመስጠት ገቢ መሰብሰብ	\N	To Do	\N	{"በብር": "10,000,000"}	{}	0.5	f	2025-10-13 03:57:31.599842+00	2025-10-13 03:57:31.599842+00
130	28	\N	3	የካዳስተርን ሽፋን ማሳደግ	\N	To Do	\N	{"በመቶኛ": "60"}	{}	0.5	f	2025-10-13 03:57:55.286776+00	2025-10-13 03:57:55.286776+00
131	29	\N	1	በከተሞች ለንብረት ግመታ የከተማ ቦታ ደረጃ መመሪያ እና የከተማ ቦታና ቤት ግብር ደንብ ማሻሻል ፣	\N	To Do	\N	{"በሰነድ": "2"}	{}	0.5	f	2025-10-13 03:59:04.584181+00	2025-10-13 03:59:04.584181+00
132	29	\N	2	በከተሞች የሪል ንብረቶች ዋጋ ግመታ በማካሄድ ገቢ መሰብሰብ፣	\N	To Do	\N	{"በብር": "200,000,000"}	{}	0.5	f	2025-10-13 03:59:40.775222+00	2025-10-13 03:59:40.775222+00
133	29	\N	3	በከተሞች የሪል ንብረቶች ዋጋ ግመታ በማካሄድ ሽፋኑን 70 በመቶ ማድረስ፣	\N	To Do	\N	{"በመቶኛ": "70"}	{}	0.5	f	2025-10-13 04:00:14.179317+00	2025-10-13 04:00:14.179317+00
134	29	\N	4	በክልሉ የሪል ፕሮፐርቲ ግብይት ግመታና ፈቃድ አሰጣጥ ስርዓት አደረጃጀት እንዲፈጠር ማድረግ (ፈቃድ በክልል ደረጃ እና በፌደራል ደረጃ ይሰጣል ስለዚህ በክልል እንዲሰጠጥ ማድረግ)	\N	To Do	\N	{"በቄጥር": "1"}	{}	0.166	f	2025-10-13 04:00:42.446764+00	2025-10-13 04:00:42.446764+00
135	29	\N	5	የሪል ፕሮፐርቲ ዳታ ቤዝ ማልማት	\N	To Do	\N	{"በቄጥር": "1"}	{}	0.167	f	2025-10-13 04:02:18.660231+00	2025-10-13 04:02:18.660231+00
136	29	\N	6	የክልሉ መረጃ በሀገር ዓቀፍ ደረጃ በለማው የሪል ፕሮፐርቲ ፕላትፎርምና ኦብዘርቫቶሪ ሲስተም ላይ እንዲጫን ይደረጋል	\N	To Do	\N	{"በቄጥር": "1"}	{}	0.167	f	2025-10-13 04:02:48.556261+00	2025-10-13 04:02:48.556261+00
141	30	\N	5	የተሰጠ የግንባታ እድሳት ፍቃድ	\N	To Do	\N	{"በቁጥር": "355"}	{}	1	f	2025-10-13 04:06:48.894887+00	2025-10-13 04:06:48.894887+00
137	30	\N	1	የተሰጠ የፕላን ስምምነት	\N	To Do	\N	{"በቁጥር": "1,600"}	{}	1	f	2025-10-13 04:04:16.66232+00	2025-10-13 04:04:16.66232+00
138	30	\N	2	የተሰጠ አዲስ የግንባታ ፍቃድ	\N	To Do	\N	{"በቁጥር": "1,200"}	{}	1	f	2025-10-13 04:05:19.504344+00	2025-10-13 04:05:33.280453+00
139	30	\N	3	የተሰጠ የግንባታ ፍቃድ ማሻሻያ ፍቃድ	\N	To Do	\N	{"በቁጥር": "15"}	{}	0.5	f	2025-10-13 04:05:55.502057+00	2025-10-13 04:05:55.502057+00
140	30	\N	4	የተሰጠ የግንባታ ማራዘሚያ ፍቃድ	\N	To Do	\N	{"በቁጥር": "30"}	{}	0.5	f	2025-10-13 04:06:25.847443+00	2025-10-13 04:06:25.847443+00
142	31	\N	1	የተመዘገቡና ደረጃ የወጣላቸው የኮንስትራክሽን ፕሮጀክቶች	\N	To Do	\N	{"በቁጥር": "80"}	{}	0.5	f	2025-10-13 04:07:29.760392+00	2025-10-13 04:07:29.760392+00
143	31	\N	2	ለሥራ ተቋራጩች፣ለአማካሪዎች፣ባለሙያዎች፣መሳሪያ አከራዮችና ግብአት አምራቾች የተደረገ ምዝገባ ፍቃድ	\N	To Do	\N	{"በቁጥር": "100"}	{}	0.5	f	2025-10-13 04:07:52.057195+00	2025-10-13 04:07:52.057195+00
144	31	\N	3	የወቅታዊ የግንበታ ገበያ ዋጋ ጥናት ማድረግ	\N	To Do	\N	{"በሰነድ": "4"}	{}	0.5	f	2025-10-13 04:08:13.817137+00	2025-10-13 04:08:13.817137+00
146	31	\N	5	4 የኮንስትራክሽን መሪ መዛኞችን በማፍራት 100 አነስተኛ እና መለስተኛ ባለሙያዎች ብቃታቸው በምዘና እንዲረጋገጥ ይደረጋል፡፡	\N	To Do	\N	{"መሪ መዛኝ በቁጥር": "4"}	{}	0.5	f	2025-10-13 04:09:02.473947+00	2025-10-13 04:09:02.473947+00
145	31	\N	4	በክልሉ የነጠላ ግመታ መረጃ በማደራጀት (ለንብረት ዝውውር፤ ለካሳ እና ለባንክ እዳና እገዳ) አገልግሎት እንዲውል ማድረግ	\N	To Do	\N	{"በሰነድ": "1"}	{}	0.5	f	2025-10-13 04:08:32.255733+00	2025-10-13 04:11:10.261532+00
147	31	\N	6	No Name/ስም የለም/Tihariho eiziina	\N	To Do	\N	{"በምዘና የተረጋገጠ ባለሙያ በቁጥር": "100"}	{}	0.5	f	2025-10-13 04:12:07.105024+00	2025-10-13 04:12:07.105024+00
148	32	\N	1	የህንፃ፣የመንገድ ዳር እና የውጭ ማስታወቂያ ፈቃድ መስጠት (አዲስ እና ነባር)	\N	To Do	\N	{"በቁጥር": "150"}	{}	1	f	2025-10-13 04:13:03.160837+00	2025-10-13 04:13:03.160837+00
149	32	\N	2	የማስታወቂያ ተከላ ክትትልና ቁጥጥር ማድረግ	\N	To Do	\N	{"በቁጥር": "150"}	{}	0.5	f	2025-10-13 04:13:29.701279+00	2025-10-13 04:13:29.701279+00
150	33	\N	1	የተሰጠ የግንባታ እርከን ማሳወቂያ	\N	To Do	\N	{"በቁጥር": "142"}	{}	0.5	f	2025-10-13 04:17:08.442513+00	2025-10-13 04:17:08.442513+00
151	33	\N	2	የተሰጠ የግንባታ ግብአት ጥራት ማረጋገጫ ማስረጃ	\N	To Do	\N	{"በቁጥር": "154"}	{}	0.5	f	2025-10-13 04:17:37.083273+00	2025-10-13 04:17:37.083273+00
152	33	\N	3	ተጀምረው ያልተጠናቀቁ እና አዲስ ግንባታ ፕሮጀክቶች ክትትልና ቁጥጥር ማድረግ	\N	To Do	\N	{"በፕሮጀክት ቁጥር": "154"}	{}	0.5	f	2025-10-13 04:17:59.693732+00	2025-10-13 04:17:59.693732+00
153	33	\N	4	የማስተካከያ ትዕዛዝ የተሰጠባቸዉና የተስተካከሉ ፕሮጀክቶች	\N	To Do	\N	{"በቁጥር": "100"}	{}	0.5	f	2025-10-13 04:18:24.412899+00	2025-10-13 04:18:24.412899+00
154	33	\N	5	በከፊል ለተጠናቀቁ ህንጻዎች የተሰጠ መጠቀሚያ ፍቃድ	\N	To Do	\N	{"በቁጥር": "30"}	{}	0.5	f	2025-10-13 04:18:51.207214+00	2025-10-13 04:18:51.207214+00
155	33	\N	6	ሙለ ለሙለ ለተጠናቀቁ ሕንፃዎች የተሰጠ መጠቀሚያ ፍቃድ የመንግስት አገልግሎት መስጫ ተቋማትን ጨምሮ	\N	To Do	\N	{"በቁጥር": "15"}	{}	1	f	2025-10-13 04:19:15.99596+00	2025-10-13 04:19:15.99596+00
156	33	\N	7	ክትትልና ቁጥጥር የተደረገባቸዉ ግንባታ ፕሮጀክቶች ሽፋን ማሳደግ	\N	To Do	\N	{"በመቶኛ": "100"}	{}	0.5	f	2025-10-13 04:19:38.773331+00	2025-10-13 04:19:38.773331+00
157	34	\N	1	ለቀረቡ የመረጃ ጥያቄዎች የተሰጡ ምላሾች	\N	To Do	\N	{"በመቶኛ": "100"}	{}	0.75	f	2025-10-13 04:20:31.695958+00	2025-10-13 04:20:31.695958+00
158	34	\N	2	ግንባታ ነክ መረጃ ማደራጀት	\N	To Do	\N	{"በሰነድ": "1"}	{}	0.75	f	2025-10-13 04:20:57.091063+00	2025-10-13 04:20:57.091063+00
159	35	\N	1	ዲጅታላይዝ የተደረገ የመረጃ ቋት	\N	To Do	\N	{"በመቶኛ": "100"}	{}	0.5	f	2025-10-13 04:21:59.203209+00	2025-10-13 04:21:59.203209+00
160	35	\N	2	በኤላክትሮኒክስ ተደራሽ የሆነ አገልግሎት	\N	To Do	\N	{"በመቶኛ": "50"}	{}	0.5	f	2025-10-13 04:22:23.714222+00	2025-10-13 04:22:23.714222+00
162	36	\N	2	ለመኖሪያ ቤት ግንባታ የሚሆን የግንባታ ስምምነት ፍቃድ እንዲያገኙ ማድረግ	\N	To Do	\N	{"በቁጥር": "12"}	{}	0.5	f	2025-10-13 04:23:50.494187+00	2025-10-13 04:23:50.494187+00
163	36	\N	3	በገጠር የልማት ማዕከላት ደረጃቸውን ጠብቀው የተገነቡ ቤቶች	\N	To Do	\N	{"በቁጥር": "90"}	{}	0.25	f	2025-10-13 04:24:10.192894+00	2025-10-13 04:24:10.192894+00
164	36	\N	4	በዘመናዊ መረጃ ስርዓት የመንግስት ቤት መረጃ መያዝ	\N	To Do	\N	{"በቁጥር": "1,000"}	{}	0.25	f	2025-10-13 04:24:37.532313+00	2025-10-13 04:24:37.532313+00
165	36	\N	5	በመንግስት አስተባባሪነት በኪራይ ወይም በባለቤትነት (ዝቅተኛ ገቢ ላላቸው ህብረተሰብ ክፍሎች/አፓርታማ) ቤቶች እንዲገነቡ ማድረግ	\N	To Do	\N	{"በቁጥር": "200"}	{}	0.25	f	2025-10-13 04:24:56.32478+00	2025-10-13 04:25:14.602661+00
166	36	\N	6	በመንግስት አስተባባሪነት ለሚገነቡ ቤቶች 50 ሚሊዮን ብር አንዲቀርብ ማድረግ	\N	To Do	\N	{"በሚሊዮን ብር": "50"}	{}	0.25	f	2025-10-13 04:25:28.86415+00	2025-10-13 04:26:04.47639+00
167	36	\N	7	በመንግስት አስተባባሪነት የተገነቡ ቤቶች እንዲተላለፉ ማድረግ	\N	To Do	\N	{"none/ባዶ/busha": "6"}	{}	0.25	f	2025-10-13 04:26:38.737526+00	2025-10-13 04:28:19.331321+00
168	36	\N	8	ከ100/0 ቤቶች ቀሪ ክፍያ የሚሰበሰብ ገቢ (በግሉ ዘርፍ ለሚገነቡ ቤቶች አንዲቀርብ ማድረግ)	\N	To Do	\N	{"በብር": "20,000,000"}	{}	0.25	f	2025-10-13 04:28:48.291873+00	2025-10-13 04:28:48.291873+00
169	36	\N	9	ከመምህራን ቤት ወርሃዊ ክፍያ የሚሰበሰበ ገቢ	\N	To Do	\N	{"በብር": "1,750,000"}	{}	0.25	f	2025-10-13 05:47:49.899293+00	2025-10-13 05:47:49.899293+00
170	36	\N	10	የአፓርታማ ቤት ግንባታ የሚሰበሰብ ገንዘብ	\N	To Do	\N	{"በብር": "30,000,000"}	{}	0.25	f	2025-10-13 05:49:14.157206+00	2025-10-13 05:49:14.157206+00
171	36	\N	11	በመኖሪያ ቤት ህብረት ሥራ ማኀበራት የቤት ልማት አቅርቦት ፕሮግራም ቤቶች እንዲገነቡ ማድረግ	\N	To Do	\N	{"በቁጥር": "120"}	{}	0.25	f	2025-10-13 05:51:44.475418+00	2025-10-13 05:51:44.475418+00
172	36	\N	12	በግለሰቦች የቤት ልማት አቅርቦት ፕሮግራም ቤቶች እንዲገነቡ ማድረግ	\N	To Do	\N	{"በቁጥር": "1,200"}	{}	0.25	f	2025-10-13 05:52:13.800947+00	2025-10-13 05:52:13.800947+00
173	36	\N	13	በሪል ስቴት የቤት ልማት አቅርቦት ፕሮግራም 50 ቤቶች መገንባት	\N	To Do	\N	{"በቁጥር": "50"}	{}	0.25	f	2025-10-13 05:52:42.965634+00	2025-10-13 05:52:42.965634+00
174	36	\N	14	በባለሀብቶች ቅይጥ ህንፃ የሚገነቡ ቤቶች (መረጃ ከከተማ ልማት የሚሰበሰብ)	\N	To Do	\N	{"በቁጥር": "50"}	{}	0.25	f	2025-10-13 05:53:08.656013+00	2025-10-13 05:53:25.121806+00
175	36	\N	15	በመልሶ ማልማት ቤቶች እንዲገነቡ ማድረግ	\N	To Do	\N	{"በቁጥር": "230"}	{}	0.25	f	2025-10-13 05:53:51.34042+00	2025-10-13 05:53:51.34042+00
176	36	\N	16	በማሻሻያ (በእድሳት) ልማት ደረጃቸው እንዲሻሻል ማድረግ	\N	To Do	\N	{"በቁጥር": "300"}	{}	0.25	f	2025-10-13 05:54:21.699058+00	2025-10-13 05:54:21.699058+00
177	37	\N	1	የፕሮጀክት ሙሉ ዲዛይኖች ማዘጋጀት	\N	To Do	\N	{"በቁጥር": "12"}	{}	1	f	2025-10-13 05:55:31.814033+00	2025-10-13 05:55:31.814033+00
178	37	\N	2	የፕሮጀክት BOQ እና ነጠላ ዋጋ ግምት ማዘጋጃት	\N	To Do	\N	{"በቁጥር": "10"}	{}	0.5	f	2025-10-13 05:55:56.17943+00	2025-10-13 05:55:56.17943+00
179	37	\N	3	ባለቤት መስሪያ ቤቶች የፕሮጀክቶቻቸውን ዲዛይን እንዲያጸድቁ ተዘጋጅቶ የተላከላቸው የፕሮጀክታቸው ዲዛይኖች	\N	To Do	\N	{"በቁጥር": "9"}	{}	0.5	f	2025-10-13 05:56:31.381858+00	2025-10-13 05:56:31.381858+00
180	37	\N	4	ለመኖ/ህ/ስ/ማህበራት እና ለገጠር ቤቶች ልማት   ስታንዳርድ ዲዛይኖች ማዘጋጀት	\N	To Do	\N	{"ለከተማ በማህበራት የተዘጋጀ ዲዛይን በቁጥር": "1"}	{}	0.25	f	2025-10-13 05:57:05.386604+00	2025-10-13 05:57:05.386604+00
181	37	\N	5	ለመኖ/ህ/ስ/ማህበራት እና ለገጠር ቤቶች ልማት   ስታንዳርድ ዲዛይኖች ማዘጋጀት	\N	To Do	\N	{"ለገጠር ቤቶች የተዘጋጀ ዲዛይን በቁጥር": "1"}	{}	0.25	f	2025-10-13 05:58:00.96911+00	2025-10-13 05:58:00.96911+00
182	38	\N	1	የተጠናቀቀ የጨረታ ሒደት	\N	To Do	\N	{"በቁጥር": "9"}	{}	1	f	2025-10-13 05:59:59.882577+00	2025-10-13 05:59:59.882577+00
183	38	\N	2	በጨረታ ሰነድ መሰረት የሚታሰሩ ውሎች	\N	To Do	\N	{"በቁጥር": "9"}	{}	0.5	f	2025-10-13 06:00:32.909825+00	2025-10-13 06:00:32.909825+00
184	38	\N	3	ክትትልና ቁጥጥር የሚደረግባቸው ፕሮጀክቶች	\N	To Do	\N	{"በቁጥር": "22"}	{}	1	f	2025-10-13 06:01:05.706179+00	2025-10-13 06:01:05.706179+00
185	38	\N	4	በተያዘላቸዉ ጊዜ፣ በጀትና ጥራት የሚጠናቀቁ ፕሮጀክቶች ብዛት	\N	To Do	\N	{"በቁጥር": "12"}	{}	1	f	2025-10-13 06:01:58.046427+00	2025-10-13 06:01:58.046427+00
186	38	\N	5	በተያዘላቸዉ ጊዜ፣ በጀትና ጥራት የሚጠናቀቁ ፕሮጀክቶች ብዛት	\N	To Do	\N	{"በቁጥር": "12"}	{}	1	f	2025-10-13 06:04:14.507812+00	2025-10-13 06:04:14.507812+00
187	38	\N	6	ርክክብ የሚደረጉ ፕሮጀክቶች	\N	To Do	\N	{"በቁጥር": "15"}	{}	0.5	f	2025-10-13 06:04:57.160865+00	2025-10-13 06:04:57.160865+00
161	36	\N	1	ለመኖሪያ ቤት ግንባታ የሚሆን 10 ሄክታር የለማ መሬት እንዲዘጋጅ ማድረግ	\N	In Progress	\N	{"በሄክታር": "10"}	{"ahdg": "ukweh"}	0.5	f	2025-10-13 04:23:27.347002+00	2025-10-14 14:22:26.448787+00
\.



--
-- Data for Name: ProgressHistory; Type: TABLE DATA; Schema: public; Owner: -
--

COPY public."ProgressHistory" (id, entity_type, entity_id, group_id, progress, metrics, recorded_at, snapshot_month) FROM stdin;
1	Activity	3	1	0	{"targetMetric": {}, "currentMetric": {"kg": "50"}}	2025-10-12 14:59:55.870139+00	2025-10-01
2	Activity	1	1	100	{"targetMetric": {"km": "50"}, "currentMetric": {"kg": "50"}}	2025-10-12 15:02:34.429337+00	2025-10-01
3	Activity	2	1	0	{"targetMetric": {}, "currentMetric": {}}	2025-10-12 20:50:26.244257+00	2025-10-01
5	Activity	32	1	0	{"targetMetric": {"በብር": "100,000"}, "currentMetric": {}}	2025-10-13 02:41:26.953847+00	2025-10-01
6	Activity	33	1	0	{"targetMetric": {"በመቶኛ": "100"}, "currentMetric": {}}	2025-10-13 02:41:26.953847+00	2025-10-01
7	Activity	34	1	0	{"targetMetric": {"በሰነድ": "6"}, "currentMetric": {}}	2025-10-13 02:41:26.953847+00	2025-10-01
8	Activity	36	1	0	{"targetMetric": {"በሰነድ": "1"}, "currentMetric": {}}	2025-10-13 02:41:26.953847+00	2025-10-01
9	Activity	35	1	0	{"targetMetric": {"በቁጥር": "4"}, "currentMetric": {}}	2025-10-13 02:41:26.953847+00	2025-10-01
10	Activity	5	1	0	{"targetMetric": {"በቁጥር": "5"}, "currentMetric": {}}	2025-10-13 02:41:26.953847+00	2025-10-01
11	Activity	6	1	0	{"targetMetric": {"በሰነድ": "14"}, "currentMetric": {}}	2025-10-13 02:41:26.953847+00	2025-10-01
12	Activity	7	1	0	{"targetMetric": {"በሰነድ": "6"}, "currentMetric": {}}	2025-10-13 02:41:26.953847+00	2025-10-01
13	Activity	8	1	0	{"targetMetric": {"በመቶኛ": "100"}, "currentMetric": {}}	2025-10-13 02:41:26.953847+00	2025-10-01
14	Activity	9	1	0	{"targetMetric": {"በመቶኛ": "100"}, "currentMetric": {}}	2025-10-13 02:41:26.953847+00	2025-10-01
15	Activity	10	1	0	{"targetMetric": {"በቁጥር": "200"}, "currentMetric": {}}	2025-10-13 02:41:26.953847+00	2025-10-01
16	Activity	11	1	0	{"targetMetric": {"በጊዜ": "1"}, "currentMetric": {}}	2025-10-13 02:41:26.953847+00	2025-10-01
17	Activity	12	1	0	{"targetMetric": {"በመቶኛ": "60"}, "currentMetric": {}}	2025-10-13 02:41:26.953847+00	2025-10-01
18	Activity	13	1	0	{"targetMetric": {"በመቶኛ": "0"}, "currentMetric": {}}	2025-10-13 02:41:26.953847+00	2025-10-01
19	Activity	14	1	0	{"targetMetric": {"በመቶኛ": "100"}, "currentMetric": {}}	2025-10-13 02:41:26.953847+00	2025-10-01
20	Activity	15	1	0	{"targetMetric": {"በሰነድ": "12"}, "currentMetric": {}}	2025-10-13 02:41:26.953847+00	2025-10-01
21	Activity	16	1	0	{"targetMetric": {"በሰነድ": "1"}, "currentMetric": {}}	2025-10-13 02:41:26.953847+00	2025-10-01
22	Activity	17	1	0	{"targetMetric": {"በሰነድ": "1"}, "currentMetric": {}}	2025-10-13 02:41:26.953847+00	2025-10-01
23	Activity	19	1	0	{"targetMetric": {"በመቶኛ": "87"}, "currentMetric": {}}	2025-10-13 02:41:26.953847+00	2025-10-01
24	Activity	18	1	0	{"targetMetric": {"በሰነድ": "2"}, "currentMetric": {}}	2025-10-13 02:41:26.953847+00	2025-10-01
25	Activity	20	1	0	{"targetMetric": {"በሰነድ": "4"}, "currentMetric": {}}	2025-10-13 02:41:26.953847+00	2025-10-01
26	Activity	21	1	0	{"targetMetric": {"በቁጥር": "0"}, "currentMetric": {}}	2025-10-13 02:41:26.953847+00	2025-10-01
27	Activity	22	1	0	{"targetMetric": {"በብር": "0"}, "currentMetric": {}}	2025-10-13 02:41:26.953847+00	2025-10-01
28	Activity	23	1	0	{"targetMetric": {"በመቶኛ": "100"}, "currentMetric": {}}	2025-10-13 02:41:26.953847+00	2025-10-01
29	Activity	24	1	0	{"targetMetric": {"በሰነድ": "1"}, "currentMetric": {}}	2025-10-13 02:41:26.953847+00	2025-10-01
30	Activity	25	1	0	{"targetMetric": {"በሰነድ": "1"}, "currentMetric": {}}	2025-10-13 02:41:26.953847+00	2025-10-01
31	Activity	26	1	0	{"targetMetric": {"በቁጥር": "10"}, "currentMetric": {}}	2025-10-13 02:41:26.953847+00	2025-10-01
32	Activity	27	1	0	{"targetMetric": {"በመቶኛ": "100"}, "currentMetric": {}}	2025-10-13 02:41:26.953847+00	2025-10-01
33	Activity	28	1	0	{"targetMetric": {"በመቶኛ": "80"}, "currentMetric": {}}	2025-10-13 02:41:26.953847+00	2025-10-01
34	Activity	29	1	0	{"targetMetric": {"በመቶኛ": "80"}, "currentMetric": {}}	2025-10-13 02:41:26.953847+00	2025-10-01
35	Activity	30	1	0	{"targetMetric": {"በመቶኛ": "100"}, "currentMetric": {}}	2025-10-13 02:41:26.953847+00	2025-10-01
36	Activity	31	1	0	{"targetMetric": {"በብር": "1,000,000"}, "currentMetric": {}}	2025-10-13 02:41:26.953847+00	2025-10-01
37	Activity	37	1	0	{"targetMetric": {"በሰነድ": "9"}, "currentMetric": {}}	2025-10-13 02:41:26.953847+00	2025-10-01
38	Activity	38	1	0	{"targetMetric": {"በቁጥር": "4"}, "currentMetric": {}}	2025-10-13 02:41:26.953847+00	2025-10-01
39	Activity	39	1	0	{"targetMetric": {"በመቶኛ": "100"}, "currentMetric": {}}	2025-10-13 02:41:26.953847+00	2025-10-01
40	Activity	40	1	0	{"targetMetric": {"በቁጥር": "1"}, "currentMetric": {}}	2025-10-13 02:41:26.953847+00	2025-10-01
41	Activity	41	1	0	{"targetMetric": {"በመቶኛ": "75"}, "currentMetric": {}}	2025-10-13 02:41:26.953847+00	2025-10-01
42	Activity	42	1	0	{"targetMetric": {"በቁጥር": "100"}, "currentMetric": {}}	2025-10-13 02:41:26.953847+00	2025-10-01
43	Activity	43	1	0	{"targetMetric": {"በቁጥር": "10"}, "currentMetric": {}}	2025-10-13 02:41:26.953847+00	2025-10-01
44	Activity	44	1	0	{"targetMetric": {"በመቶኛ": "50"}, "currentMetric": {}}	2025-10-13 02:41:26.953847+00	2025-10-01
45	Activity	45	1	0	{"targetMetric": {"በመቶኛ": "100"}, "currentMetric": {}}	2025-10-13 02:41:26.953847+00	2025-10-01
46	Activity	46	1	0	{"targetMetric": {"በመቶኛ": "100"}, "currentMetric": {}}	2025-10-13 02:41:26.953847+00	2025-10-01
89	Activity	47	1	0	{"targetMetric": {"በቁጥር": "1602"}, "currentMetric": {}}	2025-10-13 05:46:19.244161+00	2025-10-01
90	Activity	48	1	0	{"targetMetric": {"በቁጥር": "1602"}, "currentMetric": {}}	2025-10-13 05:46:19.244161+00	2025-10-01
91	Activity	49	1	0	{"targetMetric": {"በቁጥር": "1602"}, "currentMetric": {}}	2025-10-13 05:46:19.244161+00	2025-10-01
92	Activity	51	1	0	{"targetMetric": {"በቁጥር": "4"}, "currentMetric": {}}	2025-10-13 05:46:19.244161+00	2025-10-01
93	Activity	52	1	0	{"targetMetric": {"በብር": "1.5ሚ"}, "currentMetric": {}}	2025-10-13 05:46:19.244161+00	2025-10-01
94	Activity	53	1	0	{"targetMetric": {"በብር": "400ሺ"}, "currentMetric": {}}	2025-10-13 05:46:19.244161+00	2025-10-01
95	Activity	50	1	0	{"targetMetric": {"በቁጥር": "1361"}, "currentMetric": {}}	2025-10-13 05:46:19.244161+00	2025-10-01
96	Activity	54	1	0	{"targetMetric": {"በብር": "400ሺ"}, "currentMetric": {}}	2025-10-13 05:46:19.244161+00	2025-10-01
97	Activity	55	1	0	{"targetMetric": {"ዩኒት": "30"}, "currentMetric": {}}	2025-10-13 05:46:19.244161+00	2025-10-01
98	Activity	56	1	0	{"targetMetric": {"በቁጥር": "10"}, "currentMetric": {}}	2025-10-13 05:46:19.244161+00	2025-10-01
99	Activity	57	1	0	{"targetMetric": {"በብር": "20,000"}, "currentMetric": {}}	2025-10-13 05:46:19.244161+00	2025-10-01
100	Activity	58	1	0	{"targetMetric": {"በሰነድ": "12"}, "currentMetric": {}}	2025-10-13 05:46:19.244161+00	2025-10-01
101	Activity	59	1	0	{"targetMetric": {"በቁጥር": "4"}, "currentMetric": {}}	2025-10-13 05:46:19.244161+00	2025-10-01
102	Activity	60	1	0	{"targetMetric": {"በቁጥር": "4"}, "currentMetric": {}}	2025-10-13 05:46:19.244161+00	2025-10-01
103	Activity	61	1	0	{"targetMetric": {"በሰነድ": "2"}, "currentMetric": {}}	2025-10-13 05:46:19.244161+00	2025-10-01
104	Activity	62	1	0	{"targetMetric": {"በሰነድ": "1"}, "currentMetric": {}}	2025-10-13 05:46:19.244161+00	2025-10-01
105	Activity	63	1	0	{"targetMetric": {"በሰነድ": "1"}, "currentMetric": {}}	2025-10-13 05:46:19.244161+00	2025-10-01
106	Activity	64	1	0	{"targetMetric": {"በሰነድ": "1"}, "currentMetric": {}}	2025-10-13 05:46:19.244161+00	2025-10-01
107	Activity	65	1	0	{"targetMetric": {"በመቶኛ": "80"}, "currentMetric": {}}	2025-10-13 05:46:19.244161+00	2025-10-01
108	Activity	66	1	0	{"targetMetric": {"በመቶኛ": "80"}, "currentMetric": {}}	2025-10-13 05:46:19.244161+00	2025-10-01
109	Activity	67	1	0	{"targetMetric": {"በመቶኛ": "55"}, "currentMetric": {}}	2025-10-13 05:46:19.244161+00	2025-10-01
110	Activity	68	1	0	{"targetMetric": {"በሰነድ": "2"}, "currentMetric": {}}	2025-10-13 05:46:19.244161+00	2025-10-01
111	Activity	69	1	0	{"targetMetric": {"በሰነድ": "6"}, "currentMetric": {}}	2025-10-13 05:46:19.244161+00	2025-10-01
112	Activity	70	1	0	{"targetMetric": {"በመድረክ": "2"}, "currentMetric": {}}	2025-10-13 05:46:19.244161+00	2025-10-01
113	Activity	71	1	0	{"targetMetric": {"በሰነድ": "1"}, "currentMetric": {}}	2025-10-13 05:46:19.244161+00	2025-10-01
114	Activity	72	1	0	{"targetMetric": {"በሰልጣኝ በቁጥር": "20"}, "currentMetric": {}}	2025-10-13 05:46:19.244161+00	2025-10-01
115	Activity	73	1	0	{"targetMetric": {"በሰነድ": "1"}, "currentMetric": {}}	2025-10-13 05:46:19.244161+00	2025-10-01
116	Activity	74	1	0	{"targetMetric": {"በሰነድ": "2"}, "currentMetric": {}}	2025-10-13 05:46:19.244161+00	2025-10-01
117	Activity	75	1	0	{"targetMetric": {"በሰነድ": "1"}, "currentMetric": {}}	2025-10-13 05:46:19.244161+00	2025-10-01
118	Activity	76	1	0	{"targetMetric": {"በሰነድ": "2"}, "currentMetric": {}}	2025-10-13 05:46:19.244161+00	2025-10-01
119	Activity	77	1	0	{"targetMetric": {"በሰነድ": "2"}, "currentMetric": {}}	2025-10-13 05:46:19.244161+00	2025-10-01
120	Activity	78	1	0	{"targetMetric": {"በሰነድ": "4"}, "currentMetric": {}}	2025-10-13 05:46:19.244161+00	2025-10-01
121	Activity	82	1	0	{"targetMetric": {"በሰነድ": "1"}, "currentMetric": {}}	2025-10-13 05:46:19.244161+00	2025-10-01
122	Activity	79	1	0	{"targetMetric": {"በሰነድ": "2"}, "currentMetric": {}}	2025-10-13 05:46:19.244161+00	2025-10-01
123	Activity	80	1	0	{"targetMetric": {"በሰነድ": "1"}, "currentMetric": {}}	2025-10-13 05:46:19.244161+00	2025-10-01
124	Activity	81	1	0	{"targetMetric": {"በመቶኛ": "100"}, "currentMetric": {}}	2025-10-13 05:46:19.244161+00	2025-10-01
125	Activity	85	1	0	{"targetMetric": {"በቁጥር": "3"}, "currentMetric": {}}	2025-10-13 05:46:19.244161+00	2025-10-01
126	Activity	86	1	0	{"targetMetric": {"በሰነድ": "1"}, "currentMetric": {}}	2025-10-13 05:46:19.244161+00	2025-10-01
127	Activity	87	1	0	{"targetMetric": {"በሰነድ": "1"}, "currentMetric": {}}	2025-10-13 05:46:19.244161+00	2025-10-01
128	Activity	83	1	0	{"targetMetric": {"በመድረክ": "2"}, "currentMetric": {}}	2025-10-13 05:46:19.244161+00	2025-10-01
129	Activity	84	1	0	{"targetMetric": {"በሰነድ": "1"}, "currentMetric": {}}	2025-10-13 05:46:19.244161+00	2025-10-01
130	Activity	88	1	0	{"targetMetric": {"ሰነድ": "1"}, "currentMetric": {}}	2025-10-13 05:46:19.244161+00	2025-10-01
131	Activity	89	1	0	{"targetMetric": {"በሄክታር": "50"}, "currentMetric": {}}	2025-10-13 05:46:19.244161+00	2025-10-01
132	Activity	90	1	0	{"targetMetric": {"በሄክታር": "50"}, "currentMetric": {}}	2025-10-13 05:46:19.244161+00	2025-10-01
133	Activity	91	1	0	{"targetMetric": {"በሰነድ": "1"}, "currentMetric": {}}	2025-10-13 05:46:19.244161+00	2025-10-01
134	Activity	92	1	0	{"targetMetric": {"በሄክታር": "50"}, "currentMetric": {}}	2025-10-13 05:46:19.244161+00	2025-10-01
135	Activity	93	1	0	{"targetMetric": {"በሄክታር": "14"}, "currentMetric": {}}	2025-10-13 05:46:19.244161+00	2025-10-01
136	Activity	94	1	0	{"targetMetric": {"በሄክታር": "5"}, "currentMetric": {}}	2025-10-13 05:46:19.244161+00	2025-10-01
137	Activity	95	1	0	{"targetMetric": {"በሄክታር": "9"}, "currentMetric": {}}	2025-10-13 05:46:19.244161+00	2025-10-01
138	Activity	96	1	0	{"targetMetric": {"በሄክታር": "4"}, "currentMetric": {}}	2025-10-13 05:46:19.244161+00	2025-10-01
139	Activity	97	1	0	{"targetMetric": {"በሄክታር": "6"}, "currentMetric": {}}	2025-10-13 05:46:19.244161+00	2025-10-01
140	Activity	98	1	0	{"targetMetric": {"በሄክታር": "6"}, "currentMetric": {}}	2025-10-13 05:46:19.244161+00	2025-10-01
141	Activity	99	1	0	{"targetMetric": {"በሄክታር": "2"}, "currentMetric": {}}	2025-10-13 05:46:19.244161+00	2025-10-01
142	Activity	100	1	0	{"targetMetric": {"በሄክታር": "4"}, "currentMetric": {}}	2025-10-13 05:46:19.244161+00	2025-10-01
143	Activity	101	1	0	{"targetMetric": {"በቁጥር": "8,000"}, "currentMetric": {}}	2025-10-13 05:46:19.244161+00	2025-10-01
144	Activity	102	1	0	{"targetMetric": {"በሄክታር": "1"}, "currentMetric": {}}	2025-10-13 05:46:19.244161+00	2025-10-01
145	Activity	103	1	0	{"targetMetric": {"በቁጥር": "4,500"}, "currentMetric": {}}	2025-10-13 05:46:19.244161+00	2025-10-01
146	Activity	104	1	0	{"targetMetric": {"በቁጥር": "1,000"}, "currentMetric": {}}	2025-10-13 05:46:19.244161+00	2025-10-01
147	Activity	105	1	0	{"targetMetric": {"በቁራሽ መሬት ብዛት": "5,000"}, "currentMetric": {}}	2025-10-13 05:46:19.244161+00	2025-10-01
148	Activity	106	1	0	{"targetMetric": {"በሄክታር": "10"}, "currentMetric": {}}	2025-10-13 05:46:19.244161+00	2025-10-01
149	Activity	107	1	0	{"targetMetric": {"በብር": "500,000,000"}, "currentMetric": {}}	2025-10-13 05:46:19.244161+00	2025-10-01
150	Activity	118	1	0	{"targetMetric": {"የተዘጋጀ ሰነድ": "13"}, "currentMetric": {}}	2025-10-13 05:46:19.244161+00	2025-10-01
151	Activity	108	1	0	{"targetMetric": {"በብር": "200,000,000"}, "currentMetric": {}}	2025-10-13 05:46:19.244161+00	2025-10-01
152	Activity	109	1	0	{"targetMetric": {"በቁጥር": "12,500"}, "currentMetric": {}}	2025-10-13 05:46:19.244161+00	2025-10-01
153	Activity	110	1	0	{"targetMetric": {"በቁጥር": "15,000"}, "currentMetric": {}}	2025-10-13 05:46:19.244161+00	2025-10-01
154	Activity	111	1	0	{"targetMetric": {"የስፔስፊኬሽን ሰነድ": "1"}, "currentMetric": {}}	2025-10-13 05:46:19.244161+00	2025-10-01
155	Activity	112	1	0	{"targetMetric": {"በቀጠና ብዛት": "4"}, "currentMetric": {}}	2025-10-13 05:46:19.244161+00	2025-10-01
156	Activity	113	1	0	{"targetMetric": {"በሰነድ": "1"}, "currentMetric": {}}	2025-10-13 05:46:19.244161+00	2025-10-01
157	Activity	114	1	0	{"targetMetric": {"በተረከበ ፋይል ቁጥር": "15,000"}, "currentMetric": {}}	2025-10-13 05:46:19.244161+00	2025-10-01
158	Activity	115	1	0	{"targetMetric": {"በመድረክ": "3"}, "currentMetric": {}}	2025-10-13 05:46:19.244161+00	2025-10-01
159	Activity	116	1	0	{"targetMetric": {"በመድረክ": "4"}, "currentMetric": {}}	2025-10-13 05:46:19.244161+00	2025-10-01
160	Activity	117	1	0	{"targetMetric": {"በቁራሽ መሬት በቁጥር": "15,000"}, "currentMetric": {}}	2025-10-13 05:46:19.244161+00	2025-10-01
161	Activity	119	1	0	{"targetMetric": {"በቁራሽ መሬት በቁጥር": "15,000"}, "currentMetric": {}}	2025-10-13 05:46:19.244161+00	2025-10-01
162	Activity	120	1	0	{"targetMetric": {"በቁራሽ መሬት በቁጥር": "15,000"}, "currentMetric": {}}	2025-10-13 05:46:19.244161+00	2025-10-01
163	Activity	121	1	0	{"targetMetric": {"በቁራሽ መሬት በቁጥር": "15,000"}, "currentMetric": {}}	2025-10-13 05:46:19.244161+00	2025-10-01
164	Activity	122	1	0	{"targetMetric": {"በይዞታ ቁጥር": "15,000"}, "currentMetric": {}}	2025-10-13 05:46:19.244161+00	2025-10-01
165	Activity	123	1	0	{"targetMetric": {"የይዞታ ማረጋገጫ ካርታ በቁጥር": "15,000"}, "currentMetric": {}}	2025-10-13 05:46:19.244161+00	2025-10-01
166	Activity	124	1	0	{"targetMetric": {"በከተማ ቁጥር": "1"}, "currentMetric": {}}	2025-10-13 05:46:19.244161+00	2025-10-01
167	Activity	125	1	0	{"targetMetric": {"አገልግሎት ያገኙ ባለይዞታዎች በቁጥር": "6000"}, "currentMetric": {}}	2025-10-13 05:46:19.244161+00	2025-10-01
168	Activity	126	1	0	{"targetMetric": {"በቁጥር": "6,500"}, "currentMetric": {}}	2025-10-13 05:46:19.244161+00	2025-10-01
169	Activity	127	1	0	{"targetMetric": {"በቁጥር": "6,000"}, "currentMetric": {}}	2025-10-13 05:46:19.244161+00	2025-10-01
170	Activity	128	1	0	{"targetMetric": {"በቁጥር": "6,000"}, "currentMetric": {}}	2025-10-13 05:46:19.244161+00	2025-10-01
171	Activity	129	1	0	{"targetMetric": {"በብር": "10,000,000"}, "currentMetric": {}}	2025-10-13 05:46:19.244161+00	2025-10-01
172	Activity	130	1	0	{"targetMetric": {"በመቶኛ": "60"}, "currentMetric": {}}	2025-10-13 05:46:19.244161+00	2025-10-01
173	Activity	131	1	0	{"targetMetric": {"በሰነድ": "2"}, "currentMetric": {}}	2025-10-13 05:46:19.244161+00	2025-10-01
174	Activity	132	1	0	{"targetMetric": {"በብር": "200,000,000"}, "currentMetric": {}}	2025-10-13 05:46:19.244161+00	2025-10-01
175	Activity	133	1	0	{"targetMetric": {"በመቶኛ": "70"}, "currentMetric": {}}	2025-10-13 05:46:19.244161+00	2025-10-01
176	Activity	134	1	0	{"targetMetric": {"በቄጥር": "1"}, "currentMetric": {}}	2025-10-13 05:46:19.244161+00	2025-10-01
177	Activity	135	1	0	{"targetMetric": {"በቄጥር": "1"}, "currentMetric": {}}	2025-10-13 05:46:19.244161+00	2025-10-01
178	Activity	136	1	0	{"targetMetric": {"በቄጥር": "1"}, "currentMetric": {}}	2025-10-13 05:46:19.244161+00	2025-10-01
179	Activity	141	1	0	{"targetMetric": {"በቁጥር": "355"}, "currentMetric": {}}	2025-10-13 05:46:19.244161+00	2025-10-01
180	Activity	137	1	0	{"targetMetric": {"በቁጥር": "1,600"}, "currentMetric": {}}	2025-10-13 05:46:19.244161+00	2025-10-01
181	Activity	138	1	0	{"targetMetric": {"በቁጥር": "1,200"}, "currentMetric": {}}	2025-10-13 05:46:19.244161+00	2025-10-01
182	Activity	139	1	0	{"targetMetric": {"በቁጥር": "15"}, "currentMetric": {}}	2025-10-13 05:46:19.244161+00	2025-10-01
183	Activity	140	1	0	{"targetMetric": {"በቁጥር": "30"}, "currentMetric": {}}	2025-10-13 05:46:19.244161+00	2025-10-01
184	Activity	142	1	0	{"targetMetric": {"በቁጥር": "80"}, "currentMetric": {}}	2025-10-13 05:46:19.244161+00	2025-10-01
185	Activity	143	1	0	{"targetMetric": {"በቁጥር": "100"}, "currentMetric": {}}	2025-10-13 05:46:19.244161+00	2025-10-01
186	Activity	144	1	0	{"targetMetric": {"በሰነድ": "4"}, "currentMetric": {}}	2025-10-13 05:46:19.244161+00	2025-10-01
187	Activity	146	1	0	{"targetMetric": {"መሪ መዛኝ በቁጥር": "4"}, "currentMetric": {}}	2025-10-13 05:46:19.244161+00	2025-10-01
188	Activity	145	1	0	{"targetMetric": {"በሰነድ": "1"}, "currentMetric": {}}	2025-10-13 05:46:19.244161+00	2025-10-01
189	Activity	147	1	0	{"targetMetric": {"በምዘና የተረጋገጠ ባለሙያ በቁጥር": "100"}, "currentMetric": {}}	2025-10-13 05:46:19.244161+00	2025-10-01
190	Activity	148	1	0	{"targetMetric": {"በቁጥር": "150"}, "currentMetric": {}}	2025-10-13 05:46:19.244161+00	2025-10-01
191	Activity	149	1	0	{"targetMetric": {"በቁጥር": "150"}, "currentMetric": {}}	2025-10-13 05:46:19.244161+00	2025-10-01
192	Activity	150	1	0	{"targetMetric": {"በቁጥር": "142"}, "currentMetric": {}}	2025-10-13 05:46:19.244161+00	2025-10-01
193	Activity	151	1	0	{"targetMetric": {"በቁጥር": "154"}, "currentMetric": {}}	2025-10-13 05:46:19.244161+00	2025-10-01
194	Activity	152	1	0	{"targetMetric": {"በፕሮጀክት ቁጥር": "154"}, "currentMetric": {}}	2025-10-13 05:46:19.244161+00	2025-10-01
195	Activity	153	1	0	{"targetMetric": {"በቁጥር": "100"}, "currentMetric": {}}	2025-10-13 05:46:19.244161+00	2025-10-01
196	Activity	154	1	0	{"targetMetric": {"በቁጥር": "30"}, "currentMetric": {}}	2025-10-13 05:46:19.244161+00	2025-10-01
197	Activity	155	1	0	{"targetMetric": {"በቁጥር": "15"}, "currentMetric": {}}	2025-10-13 05:46:19.244161+00	2025-10-01
198	Activity	156	1	0	{"targetMetric": {"በመቶኛ": "100"}, "currentMetric": {}}	2025-10-13 05:46:19.244161+00	2025-10-01
199	Activity	157	1	0	{"targetMetric": {"በመቶኛ": "100"}, "currentMetric": {}}	2025-10-13 05:46:19.244161+00	2025-10-01
200	Activity	158	1	0	{"targetMetric": {"በሰነድ": "1"}, "currentMetric": {}}	2025-10-13 05:46:19.244161+00	2025-10-01
201	Activity	159	1	0	{"targetMetric": {"በመቶኛ": "100"}, "currentMetric": {}}	2025-10-13 05:46:19.244161+00	2025-10-01
202	Activity	160	1	0	{"targetMetric": {"በመቶኛ": "50"}, "currentMetric": {}}	2025-10-13 05:46:19.244161+00	2025-10-01
203	Activity	161	1	0	{"targetMetric": {"በሄክታር": "10"}, "currentMetric": {}}	2025-10-13 05:46:19.244161+00	2025-10-01
204	Activity	162	1	0	{"targetMetric": {"በቁጥር": "12"}, "currentMetric": {}}	2025-10-13 05:46:19.244161+00	2025-10-01
205	Activity	163	1	0	{"targetMetric": {"በቁጥር": "90"}, "currentMetric": {}}	2025-10-13 05:46:19.244161+00	2025-10-01
206	Activity	164	1	0	{"targetMetric": {"በቁጥር": "1,000"}, "currentMetric": {}}	2025-10-13 05:46:19.244161+00	2025-10-01
207	Activity	165	1	0	{"targetMetric": {"በቁጥር": "200"}, "currentMetric": {}}	2025-10-13 05:46:19.244161+00	2025-10-01
208	Activity	166	1	0	{"targetMetric": {"በሚሊዮን ብር": "50"}, "currentMetric": {}}	2025-10-13 05:46:19.244161+00	2025-10-01
209	Activity	167	1	0	{"targetMetric": {"none/ባዶ/busha": "6"}, "currentMetric": {}}	2025-10-13 05:46:19.244161+00	2025-10-01
210	Activity	168	1	0	{"targetMetric": {"በብር": "20,000,000"}, "currentMetric": {}}	2025-10-13 05:46:19.244161+00	2025-10-01
375	Activity	169	1	0	{"targetMetric": {"በብር": "1,750,000"}, "currentMetric": {}}	2025-10-14 07:04:55.709548+00	2025-10-01
376	Activity	170	1	0	{"targetMetric": {"በብር": "30,000,000"}, "currentMetric": {}}	2025-10-14 07:04:55.709548+00	2025-10-01
377	Activity	171	1	0	{"targetMetric": {"በቁጥር": "120"}, "currentMetric": {}}	2025-10-14 07:04:55.709548+00	2025-10-01
378	Activity	172	1	0	{"targetMetric": {"በቁጥር": "1,200"}, "currentMetric": {}}	2025-10-14 07:04:55.709548+00	2025-10-01
379	Activity	173	1	0	{"targetMetric": {"በቁጥር": "50"}, "currentMetric": {}}	2025-10-14 07:04:55.709548+00	2025-10-01
380	Activity	174	1	0	{"targetMetric": {"በቁጥር": "50"}, "currentMetric": {}}	2025-10-14 07:04:55.709548+00	2025-10-01
381	Activity	175	1	0	{"targetMetric": {"በቁጥር": "230"}, "currentMetric": {}}	2025-10-14 07:04:55.709548+00	2025-10-01
382	Activity	176	1	0	{"targetMetric": {"በቁጥር": "300"}, "currentMetric": {}}	2025-10-14 07:04:55.709548+00	2025-10-01
383	Activity	177	1	0	{"targetMetric": {"በቁጥር": "12"}, "currentMetric": {}}	2025-10-14 07:04:55.709548+00	2025-10-01
384	Activity	178	1	0	{"targetMetric": {"በቁጥር": "10"}, "currentMetric": {}}	2025-10-14 07:04:55.709548+00	2025-10-01
385	Activity	179	1	0	{"targetMetric": {"በቁጥር": "9"}, "currentMetric": {}}	2025-10-14 07:04:55.709548+00	2025-10-01
386	Activity	180	1	0	{"targetMetric": {"ለከተማ በማህበራት የተዘጋጀ ዲዛይን በቁጥር": "1"}, "currentMetric": {}}	2025-10-14 07:04:55.709548+00	2025-10-01
387	Activity	181	1	0	{"targetMetric": {"ለገጠር ቤቶች የተዘጋጀ ዲዛይን በቁጥር": "1"}, "currentMetric": {}}	2025-10-14 07:04:55.709548+00	2025-10-01
388	Activity	182	1	0	{"targetMetric": {"በቁጥር": "9"}, "currentMetric": {}}	2025-10-14 07:04:55.709548+00	2025-10-01
389	Activity	183	1	0	{"targetMetric": {"በቁጥር": "9"}, "currentMetric": {}}	2025-10-14 07:04:55.709548+00	2025-10-01
390	Activity	184	1	0	{"targetMetric": {"በቁጥር": "22"}, "currentMetric": {}}	2025-10-14 07:04:55.709548+00	2025-10-01
391	Activity	185	1	0	{"targetMetric": {"በቁጥር": "12"}, "currentMetric": {}}	2025-10-14 07:04:55.709548+00	2025-10-01
392	Activity	186	1	0	{"targetMetric": {"በቁጥር": "12"}, "currentMetric": {}}	2025-10-14 07:04:55.709548+00	2025-10-01
393	Activity	187	1	0	{"targetMetric": {"በቁጥር": "15"}, "currentMetric": {}}	2025-10-14 07:04:55.709548+00	2025-10-01
\.


